CVE_ID,type_info,delta_t,Published_date,Severity
CVE-2021-3921,github,3.0,2021-11-13T09:15Z,MEDIUM
CVE-2017-6183,twitter,32.0,2017-03-30T17:59Z,HIGH
CVE-2020-9701,twitter,7.0,2020-08-19T13:15Z,HIGH
CVE-2018-17113,github,3.0,2018-09-17T04:29Z,MEDIUM
CVE-2017-11241,twitter,2.0,2017-08-11T19:29Z,HIGH
CVE-2020-6282,twitter,62.0,2020-07-14T13:15Z,MEDIUM
CVE-2021-3977,github,14.0,2021-12-24T20:15Z,MEDIUM
CVE-2016-4313,twitter,345.0,2017-04-24T18:59Z,HIGH
CVE-2017-14684,github,0.0,2017-09-22T01:29Z,MEDIUM
CVE-2020-3989,twitter,1.0,2020-09-16T17:15Z,LOW
CVE-2019-4135,twitter,3.0,2019-06-25T16:15Z,HIGH
CVE-2019-6273,twitter,2.0,2019-03-21T16:01Z,MEDIUM
CVE-2019-18656,github,1.0,2019-10-31T17:15Z,MEDIUM
CVE-2021-46349,github,16.0,2022-01-20T22:15Z,MEDIUM
CVE-2019-8659,twitter,149.0,2019-12-18T18:15Z,HIGH
CVE-2021-22991,twitter,21.0,2021-03-31T18:15Z,CRITICAL
CVE-2021-22921,twitter,11.0,2021-07-12T11:15Z,HIGH
CVE-2021-23346,github,5.0,2021-03-04T17:15Z,MEDIUM
CVE-2020-8708,twitter,85.0,2020-08-13T03:15Z,HIGH
CVE-2021-45890,github,126.0,2021-12-27T20:15Z,CRITICAL
CVE-2019-8691,twitter,148.0,2019-12-18T18:15Z,MEDIUM
CVE-2019-10087,twitter,3.0,2019-09-23T15:15Z,MEDIUM
CVE-2017-6981,twitter,7.0,2017-05-22T05:29Z,HIGH
CVE-2018-1000844,github,246.0,2018-12-20T15:29Z,CRITICAL
CVE-2019-17212,github,1.0,2019-11-05T15:15Z,CRITICAL
CVE-2021-31702,twitter,11.0,2021-05-29T14:15Z,HIGH
CVE-2019-11564,twitter,8.0,2019-05-08T16:29Z,MEDIUM
CVE-2017-9060,twitter,13.0,2017-06-01T16:29Z,MEDIUM
CVE-2019-4722,twitter,1.0,2021-06-01T14:15Z,MEDIUM
CVE-2020-27152,twitter,7.0,2020-11-06T08:15Z,MEDIUM
CVE-2019-19217,twitter,1.0,2020-04-30T14:15Z,HIGH
CVE-2017-6363,github,1104.0,2020-02-27T05:15Z,HIGH
CVE-2020-4609,twitter,519.0,2021-06-25T18:15Z,HIGH
CVE-2019-11719,twitter,14.0,2019-07-23T14:15Z,HIGH
CVE-2019-4227,twitter,1.0,2019-10-04T14:15Z,HIGH
CVE-2019-13584,twitter,2.0,2019-07-17T19:15Z,MEDIUM
CVE-2020-15615,twitter,175.0,2020-07-28T17:15Z,CRITICAL
CVE-2021-23562,github,18.0,2021-12-03T20:15Z,HIGH
CVE-2017-5595,github,12.0,2017-02-06T17:59Z,MEDIUM
CVE-2021-30689,twitter,107.0,2021-09-08T15:15Z,MEDIUM
CVE-2017-15095,github,224.0,2018-02-06T15:29Z,CRITICAL
CVE-2016-0824,twitter,4.0,2016-03-12T21:59Z,MEDIUM
CVE-2016-4924,twitter,366.0,2017-10-13T17:29Z,MEDIUM
CVE-2017-5869,twitter,1.0,2017-03-24T14:59Z,HIGH
CVE-2017-8688,twitter,1.0,2017-09-13T01:29Z,MEDIUM
CVE-2016-2365,twitter,185.0,2017-01-06T21:59Z,MEDIUM
CVE-2020-6579,twitter,1.0,2020-04-30T14:15Z,MEDIUM
CVE-2020-1920,github,32.0,2021-06-01T14:15Z,HIGH
CVE-2017-5644,twitter,4.0,2017-03-24T14:59Z,MEDIUM
CVE-2017-6356,twitter,4.0,2017-03-20T16:59Z,MEDIUM
CVE-2018-20818,twitter,1.0,2019-04-22T11:29Z,CRITICAL
CVE-2020-14031,twitter,201.0,2020-09-22T18:15Z,HIGH
CVE-2020-1133,twitter,2.0,2020-09-11T17:15Z,HIGH
CVE-2016-6751,twitter,16.0,2016-11-25T16:59Z,MEDIUM
CVE-2020-1592,twitter,2.0,2020-09-11T17:15Z,LOW
CVE-2019-6225,twitter,42.0,2019-03-05T16:29Z,HIGH
CVE-2020-14362,redhat,29.0,2020-09-15T19:15Z,HIGH
CVE-2019-6976,github,8.0,2019-01-26T23:29Z,MEDIUM
CVE-2018-12365,twitter,105.0,2018-10-18T13:29Z,MEDIUM
CVE-2019-17519,twitter,2.0,2020-02-12T19:15Z,HIGH
CVE-2017-11505,github,27.0,2017-07-21T16:29Z,MEDIUM
CVE-2021-25001,twitter,364.0,2022-01-03T13:15Z,MEDIUM
CVE-2019-19010,github,6.0,2019-11-16T01:15Z,CRITICAL
CVE-2021-28588,twitter,18.0,2021-06-28T15:15Z,HIGH
CVE-2019-19337,redhat,14.0,2019-12-23T17:15Z,MEDIUM
CVE-2018-11697,github,2.0,2018-06-04T06:29Z,HIGH
CVE-2018-0998,twitter,1.0,2018-04-12T01:29Z,MEDIUM
CVE-2018-14465,github,45.0,2019-10-03T16:15Z,HIGH
CVE-2020-1124,twitter,100.0,2020-05-21T23:15Z,HIGH
CVE-2019-15793,twitter,163.0,2020-04-24T00:15Z,HIGH
CVE-2017-13013,github,0.0,2017-09-14T06:29Z,CRITICAL
CVE-2020-25706,github,111.0,2020-11-12T14:15Z,MEDIUM
CVE-2020-1943,twitter,26.0,2020-04-01T19:15Z,MEDIUM
CVE-2018-7172,github,5.0,2018-02-27T15:29Z,MEDIUM
CVE-2018-1283,twitter,2.0,2018-03-26T15:29Z,MEDIUM
CVE-2016-6259,twitter,7.0,2016-08-02T16:59Z,MEDIUM
CVE-2021-36702,github,23.0,2021-08-03T19:15Z,MEDIUM
CVE-2017-11444,github,17.0,2017-07-19T07:29Z,CRITICAL
CVE-2016-3096,github,63.0,2016-06-03T14:59Z,HIGH
CVE-2020-15862,github,27.0,2020-08-20T01:17Z,HIGH
CVE-2016-6338,redhat,240.0,2017-04-20T17:59Z,MEDIUM
CVE-2019-16713,github,148.0,2019-09-23T12:15Z,MEDIUM
CVE-2021-44299,github,55.0,2022-01-19T18:15Z,MEDIUM
CVE-2019-2037,twitter,17.0,2019-04-19T20:29Z,HIGH
CVE-2017-6889,github,72.0,2017-05-15T18:29Z,CRITICAL
CVE-2019-17454,github,10.0,2019-10-10T17:15Z,MEDIUM
CVE-2017-6770,twitter,10.0,2017-08-07T06:29Z,MEDIUM
CVE-2021-3242,github,395.0,2022-02-16T20:15Z,CRITICAL
CVE-2017-0590,twitter,10.0,2017-05-12T15:29Z,HIGH
CVE-2016-5392,redhat,23.0,2016-08-05T15:59Z,MEDIUM
CVE-2020-36315,github,282.0,2021-04-07T21:15Z,MEDIUM
CVE-2021-39944,twitter,6.0,2021-12-13T16:15Z,HIGH
CVE-2016-3079,redhat,21.0,2016-04-14T14:59Z,MEDIUM
CVE-2017-7536,redhat,196.0,2018-01-10T15:29Z,HIGH
CVE-2020-26154,github,75.0,2020-09-30T18:15Z,CRITICAL
CVE-2021-20209,twitter,111.0,2021-05-25T20:15Z,HIGH
CVE-2019-14896,redhat,6.0,2019-11-27T09:15Z,CRITICAL
CVE-2017-1234,twitter,12.0,2017-06-27T16:29Z,MEDIUM
CVE-2019-17599,github,30.0,2019-12-13T14:15Z,MEDIUM
CVE-2016-7952,twitter,67.0,2016-12-13T20:59Z,HIGH
CVE-2021-32651,github,3.0,2021-06-01T18:15Z,MEDIUM
CVE-2017-11533,github,6.0,2017-07-23T03:29Z,MEDIUM
CVE-2018-20659,github,2.0,2019-01-02T17:29Z,MEDIUM
CVE-2021-20693,twitter,7.0,2021-04-26T01:15Z,HIGH
CVE-2016-4580,github,13.0,2016-05-23T10:59Z,HIGH
CVE-2021-23521,github,18.0,2022-01-31T11:15Z,HIGH
CVE-2016-2140,twitter,35.0,2016-04-12T14:59Z,MEDIUM
CVE-2017-11242,twitter,2.0,2017-08-11T19:29Z,MEDIUM
CVE-2019-9821,twitter,63.0,2019-07-23T14:15Z,HIGH
CVE-2020-5401,twitter,2.0,2020-02-27T20:15Z,MEDIUM
CVE-2018-6151,twitter,167.0,2019-01-09T19:29Z,HIGH
CVE-2016-8898,github,975.0,2019-05-24T17:29Z,CRITICAL
CVE-2021-3489,twitter,24.0,2021-06-04T02:15Z,HIGH
CVE-2019-1568,twitter,3.0,2019-05-09T18:29Z,MEDIUM
CVE-2020-13330,twitter,1.0,2020-09-30T18:15Z,MEDIUM
CVE-2017-9365,github,16.0,2017-06-02T05:29Z,HIGH
CVE-2017-1000201,github,121.0,2017-11-17T02:29Z,MEDIUM
CVE-2021-46203,github,15.0,2022-01-19T18:15Z,MEDIUM
CVE-2021-27919,twitter,1.0,2021-03-11T00:15Z,MEDIUM
CVE-2016-1000007,twitter,95.0,2016-10-07T18:59Z,MEDIUM
CVE-2021-35981,twitter,38.0,2021-08-20T19:15Z,HIGH
CVE-2019-4163,twitter,1.0,2019-07-31T17:15Z,MEDIUM
CVE-2020-9468,github,2.0,2020-03-26T20:15Z,MEDIUM
CVE-2020-25466,github,46.0,2020-10-23T15:15Z,CRITICAL
CVE-2016-5003,twitter,470.0,2017-10-27T18:29Z,CRITICAL
CVE-2018-11685,github,1.0,2018-06-04T06:29Z,HIGH
CVE-2020-9276,twitter,53.0,2020-04-20T23:15Z,HIGH
CVE-2016-6619,twitter,363.0,2016-12-11T02:59Z,HIGH
CVE-2020-7350,github,49.0,2020-04-22T22:15Z,HIGH
CVE-2016-8229,twitter,1.0,2017-06-04T21:29Z,HIGH
CVE-2021-35306,github,56.0,2021-08-05T20:15Z,MEDIUM
CVE-2018-16762,github,62.0,2018-09-09T21:29Z,CRITICAL
CVE-2020-0416,twitter,7.0,2020-10-14T14:15Z,HIGH
CVE-2020-11897,twitter,1.0,2020-06-17T11:15Z,CRITICAL
CVE-2020-35517,github,108.0,2021-01-28T20:15Z,HIGH
CVE-2020-15231,github,92.0,2020-10-02T20:15Z,MEDIUM
CVE-2016-1542,twitter,103.0,2016-06-13T14:59Z,HIGH
CVE-2019-4028,twitter,4.0,2019-03-05T18:29Z,MEDIUM
CVE-2019-4092,twitter,2.0,2019-04-25T15:29Z,MEDIUM
CVE-2019-10260,github,42.0,2019-03-28T17:29Z,MEDIUM
CVE-2016-7037,github,140.0,2017-01-23T21:59Z,HIGH
CVE-2017-12642,github,29.0,2017-08-07T15:29Z,HIGH
CVE-2019-17522,github,16.0,2019-10-12T18:15Z,MEDIUM
CVE-2018-16210,twitter,43.0,2018-10-12T22:15Z,MEDIUM
CVE-2018-13112,github,0.0,2018-07-03T17:29Z,HIGH
CVE-2019-19727,twitter,23.0,2020-01-13T19:15Z,MEDIUM
CVE-2018-13093,github,54.0,2018-07-03T10:29Z,MEDIUM
CVE-2021-32284,github,385.0,2021-09-20T16:15Z,HIGH
CVE-2019-12950,github,42.0,2019-08-06T17:15Z,MEDIUM
CVE-2017-18352,github,480.0,2018-12-17T07:29Z,MEDIUM
CVE-2019-9315,twitter,44.0,2019-09-27T19:15Z,MEDIUM
CVE-2021-3660,redhat,244.0,2022-03-10T17:42Z,MEDIUM
CVE-2020-5946,twitter,3.0,2020-11-05T20:15Z,HIGH
CVE-2017-0648,twitter,1.0,2017-06-14T13:29Z,HIGH
CVE-2020-28991,github,12.0,2020-11-24T01:15Z,CRITICAL
CVE-2019-13618,github,42.0,2019-07-16T17:15Z,HIGH
CVE-2021-38434,twitter,4.0,2021-10-18T13:15Z,HIGH
CVE-2019-20827,twitter,299.0,2020-06-04T17:15Z,CRITICAL
CVE-2020-29323,twitter,157.0,2021-06-04T20:15Z,HIGH
CVE-2021-21595,twitter,5.0,2021-08-16T22:15Z,MEDIUM
CVE-2017-5488,github,3.0,2017-01-15T02:59Z,MEDIUM
CVE-2017-15640,github,177.0,2018-04-21T21:29Z,MEDIUM
CVE-2020-17027,twitter,259.0,2020-11-11T07:15Z,HIGH
CVE-2019-7776,twitter,1.0,2019-05-22T14:29Z,HIGH
CVE-2021-45702,twitter,1.0,2021-12-27T00:15Z,HIGH
CVE-2017-0809,twitter,1.0,2017-10-04T01:29Z,HIGH
CVE-2018-1000829,github,81.0,2018-12-20T15:29Z,CRITICAL
CVE-2017-6023,twitter,1.0,2017-03-16T04:59Z,CRITICAL
CVE-2019-14093,twitter,22.0,2020-07-30T12:15Z,HIGH
CVE-2016-9400,github,109.0,2017-02-22T16:59Z,CRITICAL
CVE-2021-0063,twitter,200.0,2021-11-17T20:15Z,MEDIUM
CVE-2020-0225,twitter,2.0,2020-07-17T21:15Z,CRITICAL
CVE-2020-10731,redhat,87.0,2020-07-31T13:15Z,CRITICAL
CVE-2019-13224,github,4.0,2019-07-10T14:15Z,CRITICAL
CVE-2021-40285,github,471.0,2022-08-26T13:15Z,HIGH
CVE-2019-1189,twitter,200.0,2020-01-24T22:15Z,
CVE-2017-16661,github,1.0,2017-11-08T05:29Z,MEDIUM
CVE-2021-3420,twitter,3.0,2021-03-05T21:15Z,CRITICAL
CVE-2021-44956,github,229.0,2022-02-08T15:15Z,MEDIUM
CVE-2021-27678,github,17.0,2021-03-11T17:15Z,MEDIUM
CVE-2017-12587,github,33.0,2017-08-06T14:29Z,HIGH
CVE-2021-42321,twitter,1.0,2021-11-10T01:19Z,HIGH
CVE-2017-9070,twitter,37.0,2017-05-18T16:29Z,MEDIUM
CVE-2017-8352,github,4.0,2017-04-30T17:59Z,MEDIUM
CVE-2016-7510,redhat,153.0,2017-02-17T17:59Z,MEDIUM
CVE-2018-12383,twitter,42.0,2018-10-18T13:29Z,MEDIUM
CVE-2019-14745,github,8.0,2019-08-07T15:15Z,HIGH
CVE-2019-8160,twitter,1.0,2019-10-17T21:15Z,MEDIUM
CVE-2021-4097,github,1.0,2021-12-12T00:15Z,MEDIUM
CVE-2020-4061,github,14.0,2020-07-02T17:15Z,MEDIUM
CVE-2019-18232,twitter,4.0,2019-12-11T23:15Z,HIGH
CVE-2019-1000020,github,19.0,2019-02-04T21:29Z,MEDIUM
CVE-2020-0587,twitter,1.0,2020-11-12T18:15Z,MEDIUM
CVE-2019-0284,twitter,1.0,2019-04-10T21:29Z,MEDIUM
CVE-2021-45901,twitter,7.0,2022-02-10T14:15Z,MEDIUM
CVE-2021-42786,twitter,1.0,2022-03-10T17:44Z,CRITICAL
CVE-2016-9575,redhat,482.0,2018-03-13T13:29Z,MEDIUM
CVE-2020-11767,github,543.0,2020-04-15T02:15Z,LOW
CVE-2018-15846,github,19.0,2018-08-25T21:29Z,HIGH
CVE-2019-20399,github,111.0,2020-01-23T00:15Z,MEDIUM
CVE-2017-6086,twitter,55.0,2017-06-27T20:29Z,HIGH
CVE-2017-13003,github,0.0,2017-09-14T06:29Z,CRITICAL
CVE-2021-46044,github,15.0,2022-01-06T21:15Z,MEDIUM
CVE-2018-8172,twitter,1.0,2018-07-11T00:29Z,HIGH
CVE-2021-39592,github,410.0,2021-09-20T16:15Z,MEDIUM
CVE-2021-22664,twitter,5.0,2021-04-27T13:15Z,HIGH
CVE-2021-46538,github,27.0,2022-01-27T21:15Z,MEDIUM
CVE-2020-28953,github,22.0,2020-11-19T22:15Z,MEDIUM
CVE-2018-0708,twitter,5.0,2018-07-17T01:29Z,HIGH
CVE-2017-12097,twitter,8.0,2018-01-19T20:29Z,MEDIUM
CVE-2018-18420,twitter,1.0,2018-10-19T22:29Z,HIGH
CVE-2020-3776,twitter,7.0,2020-03-25T21:15Z,HIGH
CVE-2020-6463,twitter,17.0,2020-05-21T04:15Z,HIGH
CVE-2020-15786,twitter,1.0,2020-09-09T19:15Z,CRITICAL
CVE-2017-10811,twitter,8.0,2017-08-18T13:29Z,MEDIUM
CVE-2020-13962,github,406.0,2020-06-09T00:15Z,HIGH
CVE-2019-19616,twitter,289.0,2019-12-06T03:15Z,MEDIUM
CVE-2020-6467,twitter,1.0,2020-05-21T04:15Z,HIGH
CVE-2020-13825,twitter,1.0,2020-08-20T01:17Z,MEDIUM
CVE-2020-3867,twitter,29.0,2020-02-27T21:15Z,MEDIUM
CVE-2017-0098,twitter,2.0,2017-03-17T00:59Z,MEDIUM
CVE-2021-33078,twitter,1.0,2022-05-12T17:15Z,MEDIUM
CVE-2021-22955,twitter,28.0,2021-12-07T14:15Z,HIGH
CVE-2020-5947,twitter,1.0,2020-11-19T01:15Z,MEDIUM
CVE-2018-19893,github,1.0,2018-12-06T03:29Z,CRITICAL
CVE-2021-20219,redhat,49.0,2021-03-23T17:15Z,MEDIUM
CVE-2018-1128,redhat,63.0,2018-07-10T14:29Z,HIGH
CVE-2020-11624,twitter,4.0,2020-07-23T21:15Z,CRITICAL
CVE-2021-43745,github,101.0,2022-02-24T22:15Z,MEDIUM
CVE-2020-8878,twitter,21.0,2020-03-20T19:15Z,HIGH
CVE-2019-8802,twitter,50.0,2019-12-18T18:15Z,HIGH
CVE-2017-16939,github,32.0,2017-11-24T10:29Z,HIGH
CVE-2021-39251,twitter,8.0,2021-09-07T15:15Z,HIGH
CVE-2020-23181,github,410.0,2021-07-02T18:15Z,MEDIUM
CVE-2020-6522,twitter,7.0,2020-07-22T17:15Z,CRITICAL
CVE-2020-11576,github,29.0,2020-04-08T18:15Z,MEDIUM
CVE-2019-20379,github,25.0,2020-01-11T03:15Z,MEDIUM
CVE-2019-18480,twitter,84.0,2019-10-28T15:15Z,
CVE-2020-8319,twitter,19.0,2020-04-14T21:15Z,HIGH
CVE-2021-35477,twitter,1.0,2021-08-02T04:15Z,MEDIUM
CVE-2019-8377,github,9.0,2019-02-17T02:29Z,HIGH
CVE-2020-15052,twitter,12.0,2020-07-20T17:15Z,HIGH
CVE-2016-5690,github,197.0,2016-12-13T15:59Z,CRITICAL
CVE-2016-7654,twitter,32.0,2017-02-20T08:59Z,HIGH
CVE-2017-2800,twitter,15.0,2017-05-24T14:29Z,CRITICAL
CVE-2017-14728,twitter,32.0,2019-06-03T19:29Z,CRITICAL
CVE-2017-17669,github,3.0,2017-12-13T22:29Z,MEDIUM
CVE-2019-16915,github,86.0,2019-09-26T18:15Z,CRITICAL
CVE-2021-22210,twitter,8.0,2021-05-06T14:15Z,MEDIUM
CVE-2021-4138,twitter,84.0,2022-05-02T23:15Z,MEDIUM
CVE-2020-14316,redhat,40.0,2020-07-29T19:15Z,CRITICAL
CVE-2020-13560,twitter,8.0,2020-12-22T18:15Z,HIGH
CVE-2020-23996,github,470.0,2021-05-13T20:15Z,HIGH
CVE-2021-34187,github,31.0,2021-06-28T16:15Z,CRITICAL
CVE-2020-12035,twitter,28.0,2020-06-29T14:15Z,MEDIUM
CVE-2019-6196,twitter,146.0,2020-06-09T20:15Z,HIGH
CVE-2018-19361,github,44.0,2019-01-02T18:29Z,CRITICAL
CVE-2017-3253,twitter,8.0,2017-01-27T22:59Z,HIGH
CVE-2021-2221,twitter,1.0,2021-04-22T22:15Z,CRITICAL
CVE-2017-3815,twitter,1.0,2017-03-17T22:59Z,MEDIUM
CVE-2017-14083,twitter,8.0,2017-10-06T01:29Z,HIGH
CVE-2019-9811,twitter,13.0,2019-07-23T14:15Z,HIGH
CVE-2019-5665,twitter,1.0,2019-02-27T23:29Z,HIGH
CVE-2020-21180,github,431.0,2021-02-01T18:15Z,CRITICAL
CVE-2020-35853,twitter,1.0,2021-01-26T18:15Z,MEDIUM
CVE-2017-10617,twitter,2.0,2017-10-13T17:29Z,MEDIUM
CVE-2018-20595,github,1.0,2018-12-30T18:29Z,HIGH
CVE-2020-24346,github,46.0,2020-08-13T19:15Z,HIGH
CVE-2018-14661,redhat,23.0,2018-10-31T20:29Z,MEDIUM
CVE-2017-5875,github,0.0,2017-02-06T15:59Z,MEDIUM
CVE-2017-1359,twitter,1.0,2017-10-03T01:29Z,MEDIUM
CVE-2017-9449,github,0.0,2017-06-06T15:29Z,HIGH
CVE-2017-1217,twitter,6.0,2017-07-05T13:29Z,MEDIUM
CVE-2021-28092,twitter,1.0,2021-03-12T22:15Z,HIGH
CVE-2018-3723,github,119.0,2018-06-07T02:29Z,HIGH
CVE-2021-23445,github,6.0,2021-09-27T17:15Z,MEDIUM
CVE-2018-4248,twitter,267.0,2019-04-03T18:29Z,HIGH
CVE-2018-8231,twitter,2.0,2018-06-14T12:29Z,HIGH
CVE-2016-10006,github,6.0,2016-12-24T18:59Z,MEDIUM
CVE-2021-46168,github,12.0,2022-01-14T21:15Z,MEDIUM
CVE-2017-3164,twitter,23.0,2019-03-08T21:29Z,HIGH
CVE-2020-29244,github,38.0,2020-12-28T08:15Z,MEDIUM
CVE-2021-23758,github,37.0,2021-12-03T20:15Z,CRITICAL
CVE-2019-11048,twitter,5.0,2020-05-20T08:15Z,MEDIUM
CVE-2017-8326,github,7.0,2017-04-29T20:59Z,HIGH
CVE-2021-40860,twitter,58.0,2021-12-08T15:15Z,HIGH
CVE-2018-18923,twitter,38.0,2018-12-13T19:29Z,CRITICAL
CVE-2018-17309,twitter,1.0,2018-09-26T22:29Z,MEDIUM
CVE-2020-26878,twitter,1.0,2020-10-26T20:15Z,HIGH
CVE-2018-16424,github,20.0,2018-09-04T00:29Z,MEDIUM
CVE-2017-7412,github,0.0,2017-04-04T00:59Z,HIGH
CVE-2018-1000664,github,2120.0,2018-09-06T17:29Z,MEDIUM
CVE-2020-5229,github,1.0,2020-01-30T20:15Z,HIGH
CVE-2019-5435,twitter,6.0,2019-05-28T19:29Z,LOW
CVE-2021-37750,github,3.0,2021-08-23T05:15Z,MEDIUM
CVE-2020-16171,twitter,6.0,2020-09-21T14:15Z,MEDIUM
CVE-2021-31616,github,21.0,2021-05-06T13:15Z,HIGH
CVE-2021-34736,twitter,1.0,2021-10-21T03:15Z,HIGH
CVE-2020-18664,twitter,443.0,2021-06-24T16:15Z,MEDIUM
CVE-2018-1920,twitter,4.0,2018-12-07T16:29Z,HIGH
CVE-2019-11810,github,76.0,2019-05-07T14:29Z,HIGH
CVE-2021-38441,twitter,160.0,2022-05-05T17:15Z,CRITICAL
CVE-2020-1457,twitter,27.0,2020-07-27T19:15Z,HIGH
CVE-2017-1000367,twitter,6.0,2017-06-05T14:29Z,MEDIUM
CVE-2018-6084,twitter,295.0,2019-01-09T19:29Z,HIGH
CVE-2017-12860,twitter,21.0,2017-10-10T13:29Z,CRITICAL
CVE-2019-18534,twitter,68.0,2019-10-28T15:15Z,
CVE-2018-12055,github,1.0,2018-06-08T11:29Z,CRITICAL
CVE-2017-11631,github,5.0,2017-07-26T08:29Z,CRITICAL
CVE-2021-41326,github,49.0,2021-09-17T18:15Z,CRITICAL
CVE-2016-3383,twitter,3.0,2016-10-14T02:59Z,HIGH
CVE-2021-25009,twitter,427.0,2022-03-07T09:15Z,MEDIUM
CVE-2019-3016,redhat,14.0,2020-01-31T20:15Z,MEDIUM
CVE-2020-11446,twitter,1.0,2020-04-29T14:15Z,HIGH
CVE-2018-5141,twitter,19.0,2018-06-11T21:29Z,HIGH
CVE-2020-3859,twitter,30.0,2020-02-27T21:15Z,LOW
CVE-2020-20136,github,477.0,2020-12-14T19:15Z,CRITICAL
CVE-2021-39919,twitter,6.0,2021-12-13T16:15Z,MEDIUM
CVE-2016-7066,redhat,644.0,2018-09-11T14:29Z,HIGH
CVE-2016-7134,github,39.0,2016-09-12T01:59Z,CRITICAL
CVE-2018-5197,twitter,24.0,2019-01-02T14:29Z,HIGH
CVE-2018-17292,github,4.0,2018-09-21T07:29Z,MEDIUM
CVE-2017-5932,twitter,47.0,2017-03-27T15:59Z,HIGH
CVE-2018-10618,twitter,1.0,2018-08-01T18:29Z,CRITICAL
CVE-2017-11850,twitter,1.0,2017-11-15T03:29Z,LOW
CVE-2019-4566,twitter,3.0,2019-09-24T14:15Z,HIGH
CVE-2020-15093,github,182.0,2020-07-09T19:15Z,HIGH
CVE-2020-21819,github,493.0,2021-05-17T19:15Z,HIGH
CVE-2020-10064,twitter,452.0,2021-05-25T17:15Z,CRITICAL
CVE-2016-8624,redhat,644.0,2018-07-31T21:29Z,HIGH
CVE-2020-14855,twitter,215.0,2020-10-21T15:15Z,CRITICAL
CVE-2020-3861,twitter,30.0,2020-02-27T21:15Z,HIGH
CVE-2017-5448,twitter,390.0,2018-06-11T21:29Z,HIGH
CVE-2021-3881,github,26.0,2021-10-15T14:15Z,CRITICAL
CVE-2019-8515,twitter,267.0,2019-12-18T18:15Z,MEDIUM
CVE-2021-4072,github,17.0,2021-12-24T14:15Z,MEDIUM
CVE-2016-9377,twitter,92.0,2017-02-22T16:59Z,MEDIUM
CVE-2020-25766,github,3.0,2020-09-18T18:15Z,HIGH
CVE-2016-7426,twitter,53.0,2017-01-13T16:59Z,HIGH
CVE-2018-20328,github,17.0,2018-12-21T06:29Z,MEDIUM
CVE-2017-7829,twitter,168.0,2018-06-11T21:29Z,MEDIUM
CVE-2018-10362,github,2.0,2018-04-25T05:29Z,CRITICAL
CVE-2019-8706,twitter,363.0,2020-10-27T20:15Z,HIGH
CVE-2019-13300,github,24.0,2019-07-05T01:15Z,HIGH
CVE-2020-0539,twitter,41.0,2020-06-15T14:15Z,MEDIUM
CVE-2021-38345,twitter,1.0,2021-10-14T16:15Z,MEDIUM
CVE-2018-20687,twitter,3.0,2019-11-18T19:15Z,CRITICAL
CVE-2016-3698,github,27.0,2016-06-13T19:59Z,HIGH
CVE-2019-9365,twitter,30.0,2019-09-27T19:15Z,CRITICAL
CVE-2016-8737,twitter,210.0,2017-09-13T16:29Z,HIGH
CVE-2016-7522,github,451.0,2017-04-19T14:59Z,MEDIUM
CVE-2021-39289,twitter,3.0,2021-08-23T05:15Z,HIGH
CVE-2020-15103,github,12.0,2020-07-27T18:15Z,LOW
CVE-2019-9553,twitter,302.0,2019-12-31T17:15Z,MEDIUM
CVE-2021-22023,twitter,5.0,2021-08-30T18:15Z,HIGH
CVE-2018-11062,twitter,2.0,2018-11-02T22:29Z,HIGH
CVE-2018-7869,github,1.0,2018-03-08T18:29Z,HIGH
CVE-2019-18550,twitter,70.0,2019-10-28T15:15Z,
CVE-2020-7174,twitter,140.0,2020-10-19T18:15Z,HIGH
CVE-2020-6225,twitter,82.0,2020-04-14T20:15Z,HIGH
CVE-2021-23021,twitter,7.0,2021-06-01T13:15Z,MEDIUM
CVE-2020-15170,github,33.0,2020-09-10T19:15Z,HIGH
CVE-2016-3735,github,2103.0,2022-01-28T20:15Z,HIGH
CVE-2017-1000062,twitter,3.0,2017-07-17T13:18Z,HIGH
CVE-2018-1000217,github,172.0,2018-08-20T20:29Z,CRITICAL
CVE-2017-16358,github,5.0,2017-11-01T17:29Z,HIGH
CVE-2021-22990,twitter,21.0,2021-03-31T17:15Z,HIGH
CVE-2018-18623,github,761.0,2020-06-02T17:15Z,MEDIUM
CVE-2021-0013,twitter,2.0,2021-11-17T20:15Z,HIGH
CVE-2020-4547,twitter,90.0,2021-01-27T17:15Z,MEDIUM
CVE-2020-24149,twitter,86.0,2021-07-07T14:15Z,HIGH
CVE-2018-10571,github,39.0,2018-04-30T17:29Z,MEDIUM
CVE-2017-1000253,twitter,9.0,2017-10-05T01:29Z,HIGH
CVE-2017-6395,github,2.0,2017-03-02T06:59Z,MEDIUM
CVE-2019-8612,twitter,455.0,2020-10-27T20:15Z,MEDIUM
CVE-2019-6851,twitter,18.0,2019-10-29T19:15Z,HIGH
CVE-2017-2924,twitter,223.0,2018-04-24T19:29Z,HIGH
CVE-2020-27018,twitter,3.0,2020-11-09T23:15Z,MEDIUM
CVE-2021-4178,github,251.0,2022-08-24T16:15Z,MEDIUM
CVE-2018-16664,github,60.0,2018-09-07T17:29Z,HIGH
CVE-2021-45834,github,227.0,2022-03-18T11:15Z,CRITICAL
CVE-2018-7408,github,0.0,2018-02-22T18:29Z,HIGH
CVE-2020-13320,twitter,1.0,2020-09-30T18:15Z,MEDIUM
CVE-2018-0995,twitter,1.0,2018-04-12T01:29Z,HIGH
CVE-2019-10301,twitter,1.0,2019-04-18T17:29Z,HIGH
CVE-2021-2398,twitter,1.0,2021-07-21T15:15Z,HIGH
CVE-2017-13133,twitter,28.0,2017-08-23T03:29Z,MEDIUM
CVE-2019-8593,twitter,219.0,2019-12-18T18:15Z,HIGH
CVE-2018-6834,github,7.0,2018-02-08T07:29Z,MEDIUM
CVE-2020-19471,github,784.0,2021-07-21T18:15Z,MEDIUM
CVE-2021-28672,twitter,81.0,2021-03-29T21:15Z,CRITICAL
CVE-2019-18504,twitter,77.0,2019-10-28T15:15Z,
CVE-2017-6350,github,0.0,2017-02-27T07:59Z,CRITICAL
CVE-2017-13044,github,0.0,2017-09-14T06:29Z,CRITICAL
CVE-2016-9905,twitter,544.0,2018-06-11T21:29Z,HIGH
CVE-2019-7393,twitter,1.0,2019-05-28T19:29Z,MEDIUM
CVE-2018-11256,redhat,10.0,2018-05-18T19:29Z,MEDIUM
CVE-2021-34467,twitter,3.0,2021-07-16T21:15Z,HIGH
CVE-2018-3726,github,112.0,2018-06-07T02:29Z,MEDIUM
CVE-2020-14002,twitter,143.0,2020-06-29T18:15Z,MEDIUM
CVE-2020-14415,twitter,7.0,2020-08-27T16:15Z,LOW
CVE-2020-26148,github,1.0,2020-09-30T18:15Z,HIGH
CVE-2019-12209,github,0.0,2019-06-04T21:29Z,HIGH
CVE-2021-36145,github,39.0,2021-07-02T22:15Z,HIGH
CVE-2021-34995,twitter,52.0,2022-01-13T22:15Z,HIGH
CVE-2017-13033,github,0.0,2017-09-14T06:29Z,CRITICAL
CVE-2017-2337,twitter,3.0,2017-07-17T13:18Z,MEDIUM
CVE-2020-3963,twitter,1.0,2020-06-25T15:15Z,MEDIUM
CVE-2019-12904,github,14.0,2019-06-20T00:15Z,MEDIUM
CVE-2017-15210,github,12.0,2017-10-11T01:32Z,MEDIUM
CVE-2018-13082,twitter,1.0,2018-07-03T01:29Z,HIGH
CVE-2017-11525,github,29.0,2017-07-23T03:29Z,MEDIUM
CVE-2021-36168,twitter,210.0,2021-08-04T15:15Z,MEDIUM
CVE-2021-31486,twitter,13.0,2021-06-15T19:15Z,HIGH
CVE-2016-8344,twitter,104.0,2017-02-13T21:59Z,LOW
CVE-2016-2145,github,44.0,2016-04-15T14:59Z,HIGH
CVE-2017-0086,twitter,3.0,2017-03-17T00:59Z,HIGH
CVE-2020-11094,github,3.0,2020-06-04T00:15Z,CRITICAL
CVE-2016-5403,redhat,13.0,2016-08-02T16:59Z,MEDIUM
CVE-2016-9397,twitter,126.0,2017-03-23T18:59Z,HIGH
CVE-2017-17305,twitter,7.0,2018-08-21T13:29Z,MEDIUM
CVE-2018-12264,github,1.0,2018-06-13T11:29Z,HIGH
CVE-2019-18572,twitter,118.0,2019-12-18T21:15Z,CRITICAL
CVE-2020-27914,twitter,108.0,2021-04-02T18:15Z,HIGH
CVE-2021-43812,github,1.0,2021-12-16T19:15Z,MEDIUM
CVE-2017-0219,twitter,2.0,2017-06-15T01:29Z,MEDIUM
CVE-2019-7396,github,18.0,2019-02-05T00:29Z,HIGH
CVE-2021-21999,twitter,1.0,2021-06-23T12:15Z,HIGH
CVE-2021-23005,twitter,21.0,2021-03-31T18:15Z,CRITICAL
CVE-2019-20443,github,7.0,2020-01-28T00:15Z,MEDIUM
CVE-2021-32699,github,1.0,2021-06-22T20:15Z,MEDIUM
CVE-2020-10760,twitter,4.0,2020-07-06T19:15Z,MEDIUM
CVE-2017-16413,twitter,21.0,2017-12-09T06:29Z,HIGH
CVE-2020-21649,github,649.0,2021-10-06T22:15Z,HIGH
CVE-2018-11392,twitter,5.0,2018-05-29T20:29Z,HIGH
CVE-2020-9722,twitter,7.0,2020-08-19T15:15Z,HIGH
CVE-2021-24113,twitter,20.0,2021-02-25T23:15Z,MEDIUM
CVE-2021-28211,twitter,87.0,2021-06-11T16:15Z,MEDIUM
CVE-2020-15277,github,1.0,2020-10-30T18:15Z,HIGH
CVE-2020-25664,redhat,431.0,2020-12-08T21:15Z,MEDIUM
CVE-2018-17314,twitter,1.0,2018-09-26T22:29Z,MEDIUM
CVE-2019-8602,twitter,133.0,2019-12-18T18:15Z,HIGH
CVE-2020-13872,twitter,1.0,2020-06-09T19:15Z,HIGH
CVE-2019-0368,twitter,1.0,2019-10-08T20:15Z,MEDIUM
CVE-2016-2456,twitter,6.0,2016-05-09T10:59Z,HIGH
CVE-2020-6973,twitter,1.0,2020-02-13T00:15Z,MEDIUM
CVE-2019-15516,github,81.0,2019-08-23T15:15Z,HIGH
CVE-2019-6438,twitter,1.0,2019-01-31T09:29Z,CRITICAL
CVE-2016-5948,twitter,76.0,2017-02-01T20:59Z,MEDIUM
CVE-2021-2167,twitter,1.0,2021-04-22T22:15Z,HIGH
CVE-2020-20642,github,680.0,2021-08-19T19:15Z,HIGH
CVE-2020-19676,github,264.0,2020-09-30T18:15Z,MEDIUM
CVE-2021-37671,github,13.0,2021-08-12T22:15Z,HIGH
CVE-2020-20514,github,703.0,2021-09-24T22:15Z,HIGH
CVE-2021-40062,twitter,3.0,2022-03-10T17:43Z,HIGH
CVE-2020-28210,twitter,7.0,2020-11-19T21:15Z,MEDIUM
CVE-2018-14649,github,16.0,2018-10-09T17:29Z,CRITICAL
CVE-2017-3525,twitter,5.0,2017-04-24T19:59Z,MEDIUM
CVE-2021-37658,github,12.0,2021-08-12T21:15Z,HIGH
CVE-2021-26884,twitter,1.0,2021-03-11T16:15Z,MEDIUM
CVE-2017-6430,github,35.0,2017-03-15T15:59Z,MEDIUM
CVE-2020-17138,twitter,1.0,2020-12-10T00:15Z,MEDIUM
CVE-2018-0839,twitter,1.0,2018-02-15T02:29Z,MEDIUM
CVE-2017-3465,twitter,1.0,2017-04-24T19:59Z,MEDIUM
CVE-2021-44717,twitter,23.0,2022-01-01T05:15Z,MEDIUM
CVE-2017-14057,github,3.0,2017-08-31T15:29Z,MEDIUM
CVE-2019-13701,twitter,33.0,2019-11-25T15:15Z,MEDIUM
CVE-2020-2023,github,112.0,2020-06-10T18:15Z,MEDIUM
CVE-2021-29326,github,266.0,2021-11-19T17:15Z,HIGH
CVE-2021-39608,github,10.0,2021-08-23T21:15Z,HIGH
CVE-2018-19092,github,0.0,2018-11-07T19:29Z,MEDIUM
CVE-2017-3463,twitter,3.0,2017-04-24T19:59Z,MEDIUM
CVE-2018-1937,twitter,1.0,2019-03-05T18:29Z,MEDIUM
CVE-2019-13310,github,11.0,2019-07-05T01:15Z,MEDIUM
CVE-2021-20046,twitter,3.0,2022-01-10T14:10Z,HIGH
CVE-2016-0001,twitter,497.0,2017-05-11T14:29Z,
CVE-2019-5715,twitter,51.0,2019-04-11T19:29Z,CRITICAL
CVE-2017-1000450,github,97.0,2018-01-02T17:29Z,HIGH
CVE-2017-16667,github,1.0,2017-11-08T18:29Z,HIGH
CVE-2020-0674,twitter,24.0,2020-02-11T22:15Z,HIGH
CVE-2019-15848,twitter,1.0,2019-09-05T20:15Z,MEDIUM
CVE-2018-0369,twitter,3.0,2018-07-16T17:29Z,HIGH
CVE-2019-16138,github,63.0,2019-09-09T12:15Z,CRITICAL
CVE-2019-19702,github,14.0,2019-12-10T20:15Z,HIGH
CVE-2019-19363,twitter,2.0,2020-01-24T18:15Z,HIGH
CVE-2016-2054,twitter,64.0,2016-04-13T16:59Z,CRITICAL
CVE-2016-9599,redhat,475.0,2018-04-24T01:29Z,HIGH
CVE-2018-17440,twitter,3.0,2018-10-08T16:29Z,CRITICAL
CVE-2017-16933,github,1.0,2017-11-24T05:29Z,HIGH
CVE-2020-21356,github,623.0,2021-08-06T23:15Z,MEDIUM
CVE-2017-11309,twitter,4.0,2017-11-10T02:29Z,CRITICAL
CVE-2017-14759,twitter,1.0,2017-10-03T01:29Z,CRITICAL
CVE-2021-23556,github,542.0,2022-03-17T12:15Z,HIGH
CVE-2017-14091,twitter,1.0,2017-12-16T02:29Z,HIGH
CVE-2018-5122,twitter,128.0,2018-06-11T21:29Z,CRITICAL
CVE-2020-17101,twitter,202.0,2020-11-11T07:15Z,HIGH
CVE-2020-4983,twitter,6.0,2021-01-20T15:15Z,HIGH
CVE-2021-23034,twitter,21.0,2021-09-14T18:15Z,HIGH
CVE-2017-18078,github,35.0,2018-01-29T05:29Z,HIGH
CVE-2017-11428,twitter,414.0,2019-04-17T14:29Z,CRITICAL
CVE-2020-16885,twitter,2.0,2020-10-16T23:15Z,HIGH
CVE-2021-40526,twitter,40.0,2021-10-25T11:15Z,MEDIUM
CVE-2020-27508,github,120.0,2020-12-11T16:15Z,HIGH
CVE-2020-15605,twitter,202.0,2020-08-27T21:15Z,HIGH
CVE-2018-15157,github,23.0,2018-09-01T03:29Z,MEDIUM
CVE-2017-13721,twitter,6.0,2017-10-10T01:30Z,MEDIUM
CVE-2017-15982,twitter,1.0,2017-10-31T07:29Z,CRITICAL
CVE-2017-7376,redhat,248.0,2018-02-19T19:29Z,CRITICAL
CVE-2020-9707,twitter,8.0,2020-08-19T14:15Z,LOW
CVE-2019-9699,twitter,161.0,2019-10-24T16:15Z,MEDIUM
CVE-2016-6722,twitter,34.0,2016-12-13T19:59Z,MEDIUM
CVE-2018-7749,github,2.0,2018-03-12T19:29Z,CRITICAL
CVE-2019-18390,twitter,143.0,2019-12-23T16:15Z,HIGH
CVE-2019-5241,twitter,73.0,2019-06-06T15:29Z,HIGH
CVE-2020-21813,github,493.0,2021-05-17T18:15Z,HIGH
CVE-2016-6303,redhat,21.0,2016-09-16T05:59Z,CRITICAL
CVE-2020-1689,twitter,3.0,2020-10-16T21:15Z,MEDIUM
CVE-2018-6226,twitter,20.0,2018-03-15T19:29Z,MEDIUM
CVE-2020-28184,twitter,1.0,2020-12-24T15:15Z,MEDIUM
CVE-2020-11345,twitter,650.0,2021-12-20T23:15Z,
CVE-2019-6496,twitter,1.0,2019-01-20T20:29Z,HIGH
CVE-2016-6848,twitter,91.0,2016-12-15T06:59Z,MEDIUM
CVE-2021-46340,github,16.0,2022-01-20T22:15Z,MEDIUM
CVE-2021-46545,github,27.0,2022-01-27T21:15Z,MEDIUM
CVE-2021-40850,twitter,3.0,2021-12-17T17:15Z,CRITICAL
CVE-2021-22897,github,18.0,2021-06-11T16:15Z,MEDIUM
CVE-2021-37675,github,13.0,2021-08-12T22:15Z,MEDIUM
CVE-2021-29514,github,30.0,2021-05-14T20:15Z,HIGH
CVE-2018-20589,github,0.0,2018-12-30T18:29Z,MEDIUM
CVE-2019-14836,redhat,343.0,2021-05-26T12:15Z,HIGH
CVE-2020-29142,twitter,1.0,2021-02-15T20:15Z,HIGH
CVE-2017-0230,twitter,3.0,2017-05-12T14:29Z,HIGH
CVE-2016-7047,redhat,733.0,2018-09-11T13:29Z,MEDIUM
CVE-2021-30722,twitter,105.0,2021-09-08T14:15Z,MEDIUM
CVE-2018-0703,twitter,52.0,2019-01-09T23:29Z,HIGH
CVE-2016-4921,twitter,366.0,2017-10-13T17:29Z,HIGH
CVE-2019-5996,twitter,9.0,2019-09-12T17:15Z,HIGH
CVE-2019-10181,redhat,30.0,2019-07-31T23:15Z,HIGH
CVE-2019-19389,github,65.0,2019-12-26T21:15Z,MEDIUM
CVE-2021-38988,twitter,3.0,2022-03-07T17:15Z,MEDIUM
CVE-2020-19038,github,829.0,2021-07-12T17:15Z,CRITICAL
CVE-2017-14525,twitter,1.0,2017-09-28T01:29Z,MEDIUM
CVE-2016-0811,twitter,5.0,2016-02-07T01:59Z,HIGH
CVE-2019-17621,twitter,6.0,2019-12-30T17:15Z,CRITICAL
CVE-2021-39931,twitter,6.0,2021-12-13T16:15Z,MEDIUM
CVE-2020-14293,twitter,3.0,2020-10-02T09:15Z,HIGH
CVE-2018-16137,twitter,101.0,2019-05-13T21:29Z,HIGH
CVE-2018-10313,github,0.0,2018-04-24T02:29Z,MEDIUM
CVE-2019-20041,github,14.0,2019-12-27T08:15Z,CRITICAL
CVE-2017-7512,redhat,36.0,2017-07-07T22:29Z,CRITICAL
CVE-2017-15041,github,1.0,2017-10-05T21:29Z,CRITICAL
CVE-2020-8184,twitter,4.0,2020-06-19T17:15Z,HIGH
CVE-2016-1799,twitter,2.0,2016-05-20T10:59Z,HIGH
CVE-2017-1000033,twitter,3.0,2017-07-17T13:18Z,MEDIUM
CVE-2019-12587,twitter,93.0,2019-09-04T12:15Z,HIGH
CVE-2020-1408,twitter,81.0,2020-07-14T23:15Z,HIGH
CVE-2019-1922,twitter,1.0,2019-07-06T02:15Z,HIGH
CVE-2021-43824,github,0.0,2022-02-22T23:15Z,HIGH
CVE-2018-4358,twitter,190.0,2019-04-03T18:29Z,HIGH
CVE-2020-0791,twitter,2.0,2020-03-12T16:15Z,HIGH
CVE-2018-12804,twitter,10.0,2018-07-20T19:29Z,CRITICAL
CVE-2017-15052,github,58.0,2017-11-27T19:29Z,MEDIUM
CVE-2020-6590,twitter,441.0,2021-04-08T22:15Z,HIGH
CVE-2019-19891,twitter,15.0,2020-01-13T18:15Z,MEDIUM
CVE-2021-1049,twitter,9.0,2022-01-14T20:15Z,CRITICAL
CVE-2020-20276,github,475.0,2020-12-18T19:15Z,CRITICAL
CVE-2017-3458,twitter,5.0,2017-04-24T19:59Z,MEDIUM
CVE-2016-9431,github,119.0,2016-12-12T02:59Z,MEDIUM
CVE-2016-5341,twitter,1.0,2016-12-06T11:59Z,MEDIUM
CVE-2016-6622,twitter,89.0,2016-12-11T02:59Z,MEDIUM
CVE-2018-11767,twitter,10.0,2019-03-21T16:00Z,HIGH
CVE-2018-4037,twitter,6.0,2019-01-10T15:29Z,MEDIUM
CVE-2018-1000632,github,50.0,2018-08-20T19:31Z,HIGH
CVE-2016-7206,twitter,7.0,2016-12-20T06:59Z,MEDIUM
CVE-2019-11838,github,1.0,2019-05-09T14:29Z,CRITICAL
CVE-2019-14615,twitter,3.0,2020-01-17T18:15Z,MEDIUM
CVE-2021-3486,redhat,48.0,2021-05-26T22:15Z,MEDIUM
CVE-2021-21841,twitter,2.0,2021-08-25T19:15Z,HIGH
CVE-2019-10752,github,60.0,2019-10-17T19:15Z,CRITICAL
CVE-2021-40323,github,13.0,2021-10-04T06:15Z,CRITICAL
CVE-2018-12829,twitter,1.0,2018-08-29T13:29Z,CRITICAL
CVE-2020-17006,twitter,19.0,2020-11-11T07:15Z,MEDIUM
CVE-2021-32829,twitter,27.0,2021-08-17T16:15Z,CRITICAL
CVE-2021-3624,twitter,294.0,2022-04-18T17:15Z,HIGH
CVE-2019-12402,twitter,1.0,2019-08-30T09:15Z,HIGH
CVE-2019-0666,twitter,22.0,2019-04-08T23:29Z,HIGH
CVE-2016-5287,twitter,598.0,2018-06-11T21:29Z,CRITICAL
CVE-2021-45832,github,18.0,2022-01-05T21:15Z,MEDIUM
CVE-2021-3537,redhat,10.0,2021-05-14T20:15Z,MEDIUM
CVE-2020-22607,github,452.0,2021-06-28T19:15Z,MEDIUM
CVE-2017-11304,twitter,7.0,2017-12-09T06:29Z,CRITICAL
CVE-2017-16396,twitter,22.0,2017-12-09T06:29Z,HIGH
CVE-2016-7664,twitter,35.0,2017-02-20T08:59Z,LOW
CVE-2021-41035,github,5.0,2021-10-25T15:15Z,CRITICAL
CVE-2020-19289,github,849.0,2021-09-09T23:15Z,MEDIUM
CVE-2016-10235,twitter,364.0,2018-04-04T18:29Z,HIGH
CVE-2017-11812,twitter,3.0,2017-10-13T13:29Z,HIGH
CVE-2020-10285,github,0.0,2020-07-15T21:15Z,CRITICAL
CVE-2017-6921,twitter,571.0,2019-01-15T21:29Z,MEDIUM
CVE-2016-2111,twitter,13.0,2016-04-25T00:59Z,MEDIUM
CVE-2017-16365,twitter,15.0,2017-12-09T06:29Z,HIGH
CVE-2016-3225,twitter,2.0,2016-06-16T01:59Z,HIGH
CVE-2016-5824,github,250.0,2017-01-27T22:59Z,MEDIUM
CVE-2017-11830,twitter,1.0,2017-11-15T03:29Z,MEDIUM
CVE-2020-9869,twitter,21.0,2020-10-22T18:15Z,HIGH
CVE-2016-5364,github,255.0,2017-02-17T17:59Z,MEDIUM
CVE-2021-26273,twitter,57.0,2021-07-07T14:15Z,HIGH
CVE-2016-10038,twitter,40.0,2016-12-24T11:59Z,HIGH
CVE-2017-7911,twitter,3.0,2017-05-06T00:29Z,HIGH
CVE-2018-17197,twitter,2.0,2018-12-24T14:29Z,MEDIUM
CVE-2020-0541,twitter,41.0,2020-06-15T14:15Z,MEDIUM
CVE-2021-30530,twitter,13.0,2021-06-07T20:15Z,HIGH
CVE-2019-17489,github,4.0,2019-10-10T21:15Z,MEDIUM
CVE-2021-26430,twitter,2.0,2021-08-12T18:15Z,MEDIUM
CVE-2017-17824,github,2.0,2017-12-21T04:29Z,MEDIUM
CVE-2019-14587,twitter,205.0,2020-11-23T17:15Z,MEDIUM
CVE-2017-0151,twitter,2.0,2017-03-17T00:59Z,HIGH
CVE-2020-0739,twitter,12.0,2020-02-11T22:15Z,HIGH
CVE-2017-17836,twitter,14.0,2019-01-23T17:29Z,CRITICAL
CVE-2020-10966,github,2.0,2020-03-25T23:15Z,MEDIUM
CVE-2020-5413,twitter,8.0,2020-07-31T20:15Z,CRITICAL
CVE-2016-6801,twitter,7.0,2016-09-21T14:25Z,HIGH
CVE-2021-36087,github,72.0,2021-07-01T03:15Z,LOW
CVE-2021-30034,github,14.0,2021-04-13T00:15Z,MEDIUM
CVE-2019-1125,twitter,28.0,2019-09-03T18:15Z,MEDIUM
CVE-2019-15608,github,169.0,2020-03-15T18:15Z,MEDIUM
CVE-2016-8736,twitter,338.0,2017-10-12T18:29Z,CRITICAL
CVE-2019-13109,github,67.0,2019-06-30T23:15Z,MEDIUM
CVE-2020-15953,github,38.0,2020-07-27T07:15Z,HIGH
CVE-2017-17689,twitter,2.0,2018-05-16T19:29Z,MEDIUM
CVE-2017-13004,github,0.0,2017-09-14T06:29Z,CRITICAL
CVE-2020-26236,github,0.0,2020-11-20T18:15Z,HIGH
CVE-2017-14651,github,3.0,2017-09-21T18:29Z,MEDIUM
CVE-2020-9870,twitter,43.0,2020-10-16T17:15Z,HIGH
CVE-2018-15160,github,23.0,2018-09-01T03:29Z,MEDIUM
CVE-2017-11258,twitter,3.0,2017-08-11T19:29Z,MEDIUM
CVE-2017-6799,github,0.0,2017-03-10T10:59Z,MEDIUM
CVE-2016-7837,twitter,169.0,2017-06-09T16:29Z,HIGH
CVE-2018-0459,twitter,28.0,2018-10-05T14:29Z,MEDIUM
CVE-2018-16750,github,130.0,2018-09-09T15:29Z,MEDIUM
CVE-2016-0026,twitter,2.0,2016-11-10T06:59Z,HIGH
CVE-2017-6387,github,2.0,2017-03-02T01:59Z,MEDIUM
CVE-2021-32648,github,147.0,2021-08-26T19:15Z,CRITICAL
CVE-2020-13112,github,5.0,2020-05-21T16:15Z,CRITICAL
CVE-2018-15152,github,36.0,2018-08-15T17:29Z,CRITICAL
CVE-2018-2715,twitter,1.0,2018-01-18T02:29Z,MEDIUM
CVE-2016-1157,twitter,1.0,2016-02-23T05:59Z,MEDIUM
CVE-2019-10654,github,9.0,2019-03-30T15:29Z,MEDIUM
CVE-2016-4574,twitter,34.0,2016-06-13T19:59Z,HIGH
CVE-2016-9299,twitter,59.0,2017-01-12T23:59Z,CRITICAL
CVE-2021-0157,twitter,7.0,2021-11-17T20:15Z,MEDIUM
CVE-2018-11379,github,33.0,2018-05-22T19:29Z,MEDIUM
CVE-2020-8212,twitter,5.0,2020-08-17T16:15Z,CRITICAL
CVE-2017-13885,twitter,69.0,2018-04-03T06:29Z,HIGH
CVE-2019-5520,twitter,3.0,2019-04-15T18:29Z,MEDIUM
CVE-2021-29149,twitter,7.0,2021-07-22T14:15Z,MEDIUM
CVE-2018-19208,redhat,15.0,2018-11-12T19:29Z,MEDIUM
CVE-2016-1629,twitter,3.0,2016-02-21T18:59Z,CRITICAL
CVE-2020-28009,twitter,2.0,2021-05-06T13:15Z,HIGH
CVE-2019-10146,redhat,308.0,2020-03-18T15:15Z,MEDIUM
CVE-2016-7393,twitter,158.0,2017-02-15T21:59Z,MEDIUM
CVE-2017-1000117,twitter,56.0,2017-10-05T01:29Z,HIGH
CVE-2016-6432,twitter,8.0,2016-10-27T21:59Z,HIGH
CVE-2020-0569,twitter,298.0,2020-11-23T17:15Z,MEDIUM
CVE-2017-8418,github,0.0,2017-05-02T14:59Z,LOW
CVE-2018-17534,twitter,4.0,2018-10-15T19:29Z,MEDIUM
CVE-2019-11163,twitter,5.0,2019-08-19T17:15Z,HIGH
CVE-2020-36282,github,129.0,2021-03-12T01:15Z,CRITICAL
CVE-2021-35415,github,203.0,2021-12-03T22:15Z,MEDIUM
CVE-2020-35539,twitter,584.0,2022-10-17T16:15Z,CRITICAL
CVE-2020-23765,github,328.0,2021-05-21T18:15Z,HIGH
CVE-2021-21599,twitter,5.0,2021-08-16T22:15Z,MEDIUM
CVE-2016-0705,twitter,2.0,2016-03-03T20:59Z,CRITICAL
CVE-2016-8885,redhat,157.0,2017-03-23T18:59Z,MEDIUM
CVE-2017-12158,redhat,49.0,2017-10-26T17:29Z,MEDIUM
CVE-2018-17187,twitter,1.0,2018-11-13T15:29Z,HIGH
CVE-2019-5616,twitter,3.0,2019-03-15T21:29Z,MEDIUM
CVE-2021-37915,twitter,2.0,2021-10-28T12:15Z,HIGH
CVE-2018-10873,redhat,50.0,2018-08-17T12:29Z,HIGH
CVE-2017-7239,github,7.0,2017-04-10T15:59Z,CRITICAL
CVE-2021-2396,twitter,1.0,2021-07-21T15:15Z,HIGH
CVE-2019-20868,twitter,318.0,2020-06-19T16:15Z,HIGH
CVE-2019-19097,twitter,17.0,2020-04-02T20:15Z,HIGH
CVE-2017-5793,twitter,276.0,2018-02-15T22:29Z,HIGH
CVE-2018-14825,twitter,6.0,2018-09-24T19:29Z,MEDIUM
CVE-2017-5358,twitter,21.0,2017-03-15T15:59Z,CRITICAL
CVE-2020-35224,twitter,1.0,2021-03-10T18:15Z,MEDIUM
CVE-2020-1811,twitter,26.0,2020-02-18T00:15Z,HIGH
CVE-2020-9848,twitter,13.0,2020-06-09T17:15Z,LOW
CVE-2019-10879,github,13.0,2019-04-05T05:29Z,CRITICAL
CVE-2017-14921,github,21.0,2017-09-30T01:29Z,MEDIUM
CVE-2018-14919,twitter,80.0,2019-06-28T17:15Z,MEDIUM
CVE-2017-9205,github,8.0,2017-05-23T04:29Z,MEDIUM
CVE-2018-6832,twitter,33.0,2018-07-09T17:29Z,HIGH
CVE-2018-25022,github,1337.0,2021-12-13T01:15Z,LOW
CVE-2018-1117,redhat,46.0,2018-06-20T01:29Z,CRITICAL
CVE-2021-29280,twitter,5.0,2021-08-19T16:15Z,MEDIUM
CVE-2017-0593,twitter,10.0,2017-05-12T15:29Z,HIGH
CVE-2021-43255,twitter,1.0,2021-12-15T15:15Z,MEDIUM
CVE-2021-32675,github,0.0,2021-10-04T18:15Z,HIGH
CVE-2021-3055,twitter,85.0,2021-09-08T17:15Z,MEDIUM
CVE-2021-33657,github,122.0,2022-04-01T23:15Z,HIGH
CVE-2018-20467,github,19.0,2018-12-26T03:29Z,MEDIUM
CVE-2020-7471,github,0.0,2020-02-03T12:15Z,CRITICAL
CVE-2021-4175,github,2.0,2021-12-29T15:15Z,MEDIUM
CVE-2017-0240,twitter,3.0,2017-05-12T14:29Z,HIGH
CVE-2021-1801,twitter,49.0,2021-04-02T19:15Z,MEDIUM
CVE-2018-19364,twitter,23.0,2018-12-13T19:29Z,MEDIUM
CVE-2016-8692,github,123.0,2017-02-15T19:59Z,MEDIUM
CVE-2021-27983,github,283.0,2021-12-10T19:15Z,CRITICAL
CVE-2020-36425,github,424.0,2021-07-19T17:15Z,MEDIUM
CVE-2018-9144,github,1.0,2018-03-30T08:29Z,HIGH
CVE-2017-1315,twitter,91.0,2018-07-03T19:29Z,MEDIUM
CVE-2016-1790,twitter,2.0,2016-05-20T10:59Z,LOW
CVE-2016-8418,twitter,1.0,2017-02-08T15:59Z,CRITICAL
CVE-2021-41842,twitter,1.0,2022-01-06T00:15Z,CRITICAL
CVE-2018-7225,github,0.0,2018-02-19T15:29Z,CRITICAL
CVE-2017-0244,twitter,3.0,2017-05-12T14:29Z,MEDIUM
CVE-2020-5276,github,5.0,2020-04-20T17:15Z,MEDIUM
CVE-2016-3238,twitter,1.0,2016-07-13T01:59Z,HIGH
CVE-2021-23128,twitter,2.0,2021-03-04T18:15Z,CRITICAL
CVE-2019-0725,twitter,2.0,2019-05-16T19:29Z,CRITICAL
CVE-2019-18425,twitter,86.0,2019-10-31T14:15Z,CRITICAL
CVE-2021-36769,twitter,1.0,2021-07-17T00:15Z,MEDIUM
CVE-2020-8569,github,114.0,2021-01-21T17:15Z,MEDIUM
CVE-2018-11788,twitter,1.0,2019-01-07T16:29Z,CRITICAL
CVE-2018-16974,github,14.0,2018-09-12T21:29Z,CRITICAL
CVE-2018-4955,twitter,44.0,2018-07-09T19:29Z,HIGH
CVE-2019-9495,twitter,7.0,2019-04-17T14:29Z,LOW
CVE-2018-14345,github,0.0,2018-07-17T14:29Z,HIGH
CVE-2019-20896,twitter,340.0,2020-07-07T19:15Z,CRITICAL
CVE-2021-20337,twitter,3.0,2021-07-26T12:15Z,HIGH
CVE-2017-8465,twitter,2.0,2017-06-15T01:29Z,HIGH
CVE-2021-20719,twitter,7.0,2021-05-20T02:15Z,MEDIUM
CVE-2020-27842,redhat,22.0,2021-01-05T18:15Z,MEDIUM
CVE-2021-29502,twitter,124.0,2021-05-10T18:15Z,MEDIUM
CVE-2019-11247,twitter,24.0,2019-08-29T01:15Z,HIGH
CVE-2019-1350,twitter,43.0,2020-01-24T21:15Z,HIGH
CVE-2019-14042,twitter,28.0,2020-06-02T15:15Z,HIGH
CVE-2018-8350,twitter,1.0,2018-08-15T17:29Z,HIGH
CVE-2020-4579,twitter,24.0,2020-09-21T15:15Z,HIGH
CVE-2019-12136,github,1.0,2019-05-16T03:29Z,MEDIUM
CVE-2021-4073,twitter,5.0,2021-12-14T16:15Z,HIGH
CVE-2018-11801,twitter,33.0,2019-06-11T17:29Z,CRITICAL
CVE-2018-20663,github,13.0,2019-01-03T19:29Z,MEDIUM
CVE-2019-4071,twitter,1.0,2019-05-09T15:29Z,HIGH
CVE-2021-27290,twitter,1.0,2021-03-12T22:15Z,HIGH
CVE-2020-27944,twitter,108.0,2021-04-02T18:15Z,HIGH
CVE-2021-39595,github,409.0,2021-09-20T16:15Z,HIGH
CVE-2021-35083,twitter,7.0,2022-06-14T10:15Z,CRITICAL
CVE-2019-14821,redhat,21.0,2019-09-19T18:15Z,HIGH
CVE-2018-18556,twitter,41.0,2018-12-17T19:29Z,CRITICAL
CVE-2016-3714,twitter,2.0,2016-05-05T18:59Z,HIGH
CVE-2019-13980,github,51.0,2019-07-19T15:15Z,HIGH
CVE-2016-1930,twitter,2.0,2016-01-31T18:59Z,CRITICAL
CVE-2016-5332,twitter,19.0,2016-08-31T01:59Z,MEDIUM
CVE-2018-4131,twitter,4.0,2018-04-03T06:29Z,HIGH
CVE-2019-8432,github,40.0,2019-02-18T00:29Z,MEDIUM
CVE-2021-29540,github,22.0,2021-05-14T20:15Z,HIGH
CVE-2016-0202,twitter,71.0,2017-02-08T22:59Z,LOW
CVE-2019-1611,twitter,5.0,2019-03-11T21:29Z,MEDIUM
CVE-2020-12885,github,43.0,2020-06-18T19:15Z,HIGH
CVE-2018-3704,twitter,1.0,2018-12-14T00:29Z,HIGH
CVE-2020-28023,twitter,2.0,2021-05-06T13:15Z,HIGH
CVE-2018-0989,twitter,2.0,2018-04-12T01:29Z,MEDIUM
CVE-2017-5633,twitter,6.0,2017-03-06T06:59Z,HIGH
CVE-2020-15202,github,6.0,2020-09-25T19:15Z,CRITICAL
CVE-2021-22098,twitter,14.0,2021-08-11T21:15Z,MEDIUM
CVE-2021-34866,twitter,104.0,2022-01-25T16:15Z,HIGH
CVE-2017-16616,github,0.0,2017-11-08T03:29Z,CRITICAL
CVE-2017-16116,github,273.0,2018-06-07T02:29Z,HIGH
CVE-2016-0844,twitter,13.0,2016-04-18T00:59Z,HIGH
CVE-2019-11082,github,87.0,2019-05-10T16:29Z,HIGH
CVE-2021-36154,twitter,186.0,2021-07-09T12:15Z,HIGH
CVE-2019-13217,github,6.0,2019-08-15T17:15Z,HIGH
CVE-2016-10153,github,55.0,2017-02-06T06:59Z,HIGH
CVE-2021-3546,twitter,23.0,2021-06-02T14:15Z,HIGH
CVE-2020-13759,github,5.0,2020-06-02T19:15Z,HIGH
CVE-2021-4076,redhat,85.0,2022-03-02T23:15Z,HIGH
CVE-2020-2026,github,12.0,2020-06-10T18:15Z,HIGH
CVE-2016-9312,twitter,53.0,2017-01-13T16:59Z,HIGH
CVE-2018-6088,twitter,162.0,2018-12-04T17:29Z,HIGH
CVE-2019-13341,github,1.0,2019-07-05T15:16Z,MEDIUM
CVE-2019-5526,twitter,1.0,2019-05-15T16:29Z,HIGH
CVE-2021-33564,github,30.0,2021-05-29T14:15Z,CRITICAL
CVE-2017-9958,twitter,1.0,2017-09-26T01:29Z,HIGH
CVE-2016-8280,twitter,4.0,2016-10-03T21:59Z,MEDIUM
CVE-2020-18268,github,839.0,2021-06-07T19:15Z,MEDIUM
CVE-2019-15519,github,201.0,2019-08-23T15:15Z,CRITICAL
CVE-2021-30709,twitter,107.0,2021-09-08T15:15Z,MEDIUM
CVE-2018-10872,redhat,12.0,2018-07-10T19:29Z,MEDIUM
CVE-2017-14324,github,3.0,2017-09-12T08:29Z,MEDIUM
CVE-2017-5803,twitter,294.0,2018-02-15T22:29Z,HIGH
CVE-2018-1157,twitter,1.0,2018-08-23T19:29Z,MEDIUM
CVE-2017-14093,twitter,1.0,2017-12-16T02:29Z,MEDIUM
CVE-2021-32614,twitter,14.0,2021-05-26T22:15Z,HIGH
CVE-2019-18933,github,0.0,2019-11-21T23:15Z,CRITICAL
CVE-2017-9929,github,43.0,2017-06-26T07:29Z,MEDIUM
CVE-2020-1646,twitter,9.0,2020-07-17T19:15Z,HIGH
CVE-2021-21971,twitter,340.0,2022-02-04T23:15Z,MEDIUM
CVE-2021-4015,github,6.0,2021-12-01T11:15Z,MEDIUM
CVE-2018-15962,twitter,14.0,2018-09-25T13:29Z,MEDIUM
CVE-2018-16587,github,24.0,2018-09-28T00:29Z,MEDIUM
CVE-2018-12109,github,1.0,2018-06-11T13:29Z,HIGH
CVE-2021-3948,redhat,100.0,2022-02-18T18:15Z,MEDIUM
CVE-2021-3129,github,57.0,2021-01-12T15:15Z,CRITICAL
CVE-2020-23321,github,369.0,2021-06-10T23:15Z,CRITICAL
CVE-2020-15621,twitter,175.0,2020-07-28T17:15Z,HIGH
CVE-2017-7844,twitter,188.0,2018-06-11T21:29Z,MEDIUM
CVE-2019-19242,github,5.0,2019-11-27T17:15Z,MEDIUM
CVE-2021-3772,redhat,181.0,2022-03-02T23:15Z,MEDIUM
CVE-2018-8753,twitter,1.0,2018-08-15T18:29Z,MEDIUM
CVE-2020-12113,twitter,36.0,2020-04-23T18:15Z,MEDIUM
CVE-2021-38429,twitter,169.0,2022-05-05T17:15Z,CRITICAL
CVE-2018-14513,github,2.0,2018-07-23T08:29Z,MEDIUM
CVE-2021-30508,twitter,22.0,2021-06-04T18:15Z,HIGH
CVE-2019-8600,twitter,130.0,2019-12-18T18:15Z,CRITICAL
CVE-2019-3572,github,5.0,2019-01-02T15:29Z,MEDIUM
CVE-2021-36625,github,269.0,2022-03-31T18:15Z,HIGH
CVE-2017-1000028,twitter,3.0,2017-07-17T13:18Z,HIGH
CVE-2018-18893,github,126.0,2019-01-03T01:29Z,MEDIUM
CVE-2020-5142,twitter,230.0,2020-10-12T11:15Z,MEDIUM
CVE-2019-6229,twitter,28.0,2019-03-05T16:29Z,MEDIUM
CVE-2021-3019,github,0.0,2021-01-05T05:15Z,HIGH
CVE-2021-21413,github,12.0,2021-03-30T23:15Z,CRITICAL
CVE-2017-3328,twitter,9.0,2017-01-27T22:59Z,HIGH
CVE-2019-10384,twitter,6.0,2019-08-28T16:15Z,HIGH
CVE-2018-4993,twitter,53.0,2018-07-09T19:29Z,HIGH
CVE-2020-9700,twitter,7.0,2020-08-19T13:15Z,HIGH
CVE-2017-12969,twitter,4.0,2017-11-10T02:29Z,HIGH
CVE-2021-1859,twitter,134.0,2021-09-08T15:15Z,HIGH
CVE-2017-13686,github,5.0,2017-08-24T22:29Z,HIGH
CVE-2019-13164,twitter,1.0,2019-07-03T14:15Z,HIGH
CVE-2020-5943,twitter,3.0,2020-11-05T20:15Z,MEDIUM
CVE-2020-3827,twitter,29.0,2020-02-27T21:15Z,HIGH
CVE-2018-7227,twitter,8.0,2018-03-09T23:29Z,MEDIUM
CVE-2020-11721,github,1.0,2020-04-12T19:15Z,MEDIUM
CVE-2019-19958,github,0.0,2019-12-24T22:15Z,MEDIUM
CVE-2021-39920,twitter,1.0,2021-11-18T19:15Z,HIGH
CVE-2020-17031,twitter,259.0,2020-11-11T07:15Z,HIGH
CVE-2016-4983,redhat,1240.0,2019-11-05T22:15Z,LOW
CVE-2021-21275,github,4.0,2021-01-25T23:15Z,MEDIUM
CVE-2020-3860,twitter,30.0,2020-02-27T21:15Z,HIGH
CVE-2019-12313,github,37.0,2019-05-24T14:29Z,MEDIUM
CVE-2021-0672,twitter,12.0,2021-11-18T15:15Z,MEDIUM
CVE-2021-4146,github,1.0,2022-01-18T16:15Z,MEDIUM
CVE-2018-7738,github,110.0,2018-03-07T02:29Z,HIGH
CVE-2021-21403,github,10.0,2021-03-26T18:15Z,CRITICAL
CVE-2021-42297,twitter,15.0,2021-11-24T01:15Z,HIGH
CVE-2017-12781,github,88.0,2017-11-10T02:29Z,MEDIUM
CVE-2018-18386,github,300.0,2018-10-17T20:29Z,LOW
CVE-2017-10837,twitter,4.0,2017-08-29T01:35Z,MEDIUM
CVE-2017-2576,twitter,1.0,2017-01-20T08:59Z,MEDIUM
CVE-2021-27329,github,4.0,2021-02-18T18:15Z,CRITICAL
CVE-2016-3815,twitter,5.0,2016-07-11T02:00Z,MEDIUM
CVE-2017-12165,redhat,319.0,2018-07-27T15:29Z,HIGH
CVE-2016-7478,twitter,14.0,2017-01-11T06:59Z,HIGH
CVE-2019-6545,twitter,2.0,2019-02-13T01:29Z,CRITICAL
CVE-2018-20227,github,1.0,2018-12-19T11:29Z,HIGH
CVE-2019-1001,twitter,6.0,2019-07-15T19:15Z,HIGH
CVE-2019-11235,redhat,18.0,2019-04-22T11:29Z,CRITICAL
CVE-2017-11626,github,51.0,2017-07-25T23:29Z,MEDIUM
CVE-2020-6860,github,2.0,2020-01-13T07:15Z,HIGH
CVE-2020-5281,github,1.0,2020-03-25T18:15Z,HIGH
CVE-2017-6104,twitter,1.0,2017-03-02T22:59Z,HIGH
CVE-2020-7147,twitter,63.0,2020-10-19T18:15Z,CRITICAL
CVE-2021-21707,twitter,11.0,2021-11-29T07:15Z,MEDIUM
CVE-2018-6210,twitter,85.0,2018-06-19T19:29Z,CRITICAL
CVE-2017-3873,twitter,12.0,2017-05-16T17:29Z,HIGH
CVE-2019-1235,twitter,1.0,2019-09-11T22:15Z,HIGH
CVE-2017-15111,github,10.0,2018-01-20T00:29Z,MEDIUM
CVE-2018-5246,github,1.0,2018-01-05T19:29Z,MEDIUM
CVE-2020-8252,twitter,74.0,2020-09-18T21:15Z,HIGH
CVE-2021-33458,github,433.0,2022-07-26T13:15Z,MEDIUM
CVE-2021-45452,twitter,1.0,2022-01-05T00:15Z,MEDIUM
CVE-2021-41864,github,1.0,2021-10-02T00:15Z,HIGH
CVE-2020-8570,twitter,85.0,2021-01-21T17:15Z,CRITICAL
CVE-2018-19843,github,13.0,2018-12-04T09:29Z,MEDIUM
CVE-2018-10811,twitter,19.0,2018-06-19T21:29Z,HIGH
CVE-2021-28860,github,11.0,2021-05-03T12:15Z,CRITICAL
CVE-2017-17439,github,1.0,2017-12-06T15:29Z,HIGH
CVE-2017-1000099,twitter,59.0,2017-10-05T01:29Z,MEDIUM
CVE-2018-1150,twitter,2.0,2018-09-19T15:29Z,HIGH
CVE-2018-4133,twitter,4.0,2018-04-03T06:29Z,MEDIUM
CVE-2018-14395,github,9.0,2018-07-19T05:29Z,MEDIUM
CVE-2021-30469,redhat,48.0,2021-05-26T22:15Z,MEDIUM
CVE-2017-8874,github,77.0,2017-05-10T05:29Z,HIGH
CVE-2019-8745,twitter,71.0,2019-12-18T18:15Z,HIGH
CVE-2018-14708,twitter,33.0,2018-12-03T22:29Z,CRITICAL
CVE-2020-14204,twitter,107.0,2020-06-22T13:15Z,HIGH
CVE-2020-10279,github,0.0,2020-06-24T06:15Z,CRITICAL
CVE-2018-20004,github,7.0,2018-12-10T06:29Z,HIGH
CVE-2016-9074,twitter,573.0,2018-06-11T21:29Z,MEDIUM
CVE-2019-18886,twitter,8.0,2019-11-21T18:15Z,MEDIUM
CVE-2021-28874,github,23.0,2021-04-06T13:15Z,HIGH
CVE-2019-9346,twitter,31.0,2019-09-27T19:15Z,HIGH
CVE-2019-10188,redhat,28.0,2019-07-31T22:15Z,MEDIUM
CVE-2021-31154,twitter,9.0,2021-05-27T13:15Z,HIGH
CVE-2016-6674,twitter,5.0,2016-10-10T10:59Z,HIGH
CVE-2021-42771,github,175.0,2021-10-20T21:15Z,HIGH
CVE-2020-7556,twitter,301.0,2020-11-19T22:15Z,HIGH
CVE-2021-27789,twitter,304.0,2022-03-18T18:15Z,MEDIUM
CVE-2021-44167,twitter,35.0,2022-05-11T15:15Z,HIGH
CVE-2018-5148,twitter,77.0,2018-06-11T21:29Z,CRITICAL
CVE-2019-18475,twitter,84.0,2019-10-28T15:15Z,
CVE-2021-20296,redhat,16.0,2021-04-01T14:15Z,MEDIUM
CVE-2019-12277,github,11.0,2019-05-22T15:29Z,CRITICAL
CVE-2017-7549,redhat,50.0,2017-09-21T21:29Z,MEDIUM
CVE-2019-4132,twitter,5.0,2019-08-29T15:15Z,LOW
CVE-2019-18309,twitter,2.0,2019-12-12T19:15Z,HIGH
CVE-2019-4497,twitter,3.0,2019-10-01T15:15Z,MEDIUM
CVE-2021-25316,twitter,30.0,2021-04-14T10:15Z,LOW
CVE-2020-25645,redhat,13.0,2020-10-13T20:15Z,HIGH
CVE-2020-8194,twitter,3.0,2020-07-10T16:15Z,MEDIUM
CVE-2018-4398,twitter,155.0,2019-04-03T18:29Z,HIGH
CVE-2020-1695,redhat,307.0,2020-05-19T15:15Z,HIGH
CVE-2018-12291,github,5.0,2018-06-13T14:29Z,HIGH
CVE-2017-4947,twitter,3.0,2018-01-29T16:29Z,CRITICAL
CVE-2017-5473,github,1.0,2017-01-14T07:59Z,HIGH
CVE-2021-21986,twitter,1.0,2021-05-26T15:15Z,CRITICAL
CVE-2018-20427,github,93.0,2018-12-24T05:29Z,HIGH
CVE-2021-4061,twitter,11.0,2021-12-23T01:15Z,HIGH
CVE-2020-7198,twitter,1.0,2020-11-06T15:15Z,HIGH
CVE-2018-15686,github,1.0,2018-10-26T14:29Z,HIGH
CVE-2016-5108,twitter,7.0,2016-06-08T15:00Z,CRITICAL
CVE-2019-7089,twitter,101.0,2019-05-24T19:29Z,HIGH
CVE-2021-4135,twitter,170.0,2022-07-14T20:15Z,MEDIUM
CVE-2019-7401,twitter,1.0,2019-02-08T03:29Z,CRITICAL
CVE-2021-38200,github,51.0,2021-08-08T20:15Z,MEDIUM
CVE-2021-46594,twitter,18.0,2022-02-18T20:15Z,MEDIUM
CVE-2021-33365,github,128.0,2021-09-13T20:15Z,MEDIUM
CVE-2019-19274,github,307.0,2019-11-26T15:15Z,HIGH
CVE-2021-27223,twitter,1.0,2022-04-01T23:15Z,MEDIUM
CVE-2020-8751,twitter,268.0,2020-11-12T18:15Z,MEDIUM
CVE-2017-9207,github,8.0,2017-05-23T04:29Z,MEDIUM
CVE-2021-1871,twitter,66.0,2021-04-02T19:15Z,CRITICAL
CVE-2019-6719,github,8.0,2019-01-23T22:29Z,HIGH
CVE-2019-12047,github,0.0,2019-05-13T15:29Z,MEDIUM
CVE-2020-6315,twitter,7.0,2020-10-20T14:15Z,MEDIUM
CVE-2017-0823,twitter,1.0,2017-10-04T01:29Z,HIGH
CVE-2018-4863,twitter,1.0,2018-04-05T17:29Z,MEDIUM
CVE-2021-32741,github,61.0,2021-07-12T22:15Z,MEDIUM
CVE-2016-6044,twitter,40.0,2017-02-01T20:59Z,MEDIUM
CVE-2019-11738,twitter,23.0,2019-09-27T18:15Z,MEDIUM
CVE-2021-30807,twitter,85.0,2021-10-19T14:15Z,HIGH
CVE-2017-5151,twitter,31.0,2017-02-13T21:59Z,HIGH
CVE-2021-29970,twitter,23.0,2021-08-05T20:15Z,HIGH
CVE-2019-20855,twitter,318.0,2020-06-19T15:15Z,HIGH
CVE-2021-36564,github,157.0,2021-12-06T21:15Z,CRITICAL
CVE-2020-12921,twitter,450.0,2021-06-11T22:15Z,
CVE-2016-7273,twitter,7.0,2016-12-20T06:59Z,HIGH
CVE-2021-23009,twitter,12.0,2021-05-10T15:15Z,HIGH
CVE-2020-29363,twitter,4.0,2020-12-16T14:15Z,HIGH
CVE-2018-8292,twitter,1.0,2018-10-10T13:29Z,HIGH
CVE-2020-8150,twitter,205.0,2020-11-09T15:15Z,MEDIUM
CVE-2021-25657,twitter,598.0,2022-09-02T01:15Z,HIGH
CVE-2017-16941,github,2.0,2017-11-25T05:29Z,HIGH
CVE-2020-26650,github,25.0,2020-10-22T15:15Z,MEDIUM
CVE-2021-0082,twitter,200.0,2021-11-17T20:15Z,HIGH
CVE-2020-8208,twitter,6.0,2020-08-17T16:15Z,MEDIUM
CVE-2017-7551,twitter,12.0,2017-08-16T18:29Z,CRITICAL
CVE-2020-36524,twitter,4.0,2022-06-07T18:15Z,MEDIUM
CVE-2018-1000226,github,18.0,2018-08-20T20:29Z,CRITICAL
CVE-2021-34363,github,1.0,2021-06-10T11:15Z,CRITICAL
CVE-2020-8032,twitter,195.0,2021-02-25T10:15Z,HIGH
CVE-2020-10876,twitter,4.0,2020-05-04T14:15Z,HIGH
CVE-2020-15783,twitter,2.0,2020-11-12T20:15Z,HIGH
CVE-2017-5462,twitter,388.0,2018-06-11T21:29Z,MEDIUM
CVE-2018-15854,github,26.0,2018-08-25T21:29Z,MEDIUM
CVE-2021-39575,github,410.0,2021-09-20T16:15Z,MEDIUM
CVE-2018-19797,github,1.0,2018-12-03T06:29Z,MEDIUM
CVE-2018-19861,twitter,27.0,2019-01-03T19:29Z,CRITICAL
CVE-2021-41282,twitter,15.0,2022-03-01T23:15Z,HIGH
CVE-2017-7742,github,10.0,2017-04-12T18:59Z,MEDIUM
CVE-2020-9502,twitter,99.0,2020-05-13T16:15Z,CRITICAL
CVE-2019-12742,github,7.0,2019-06-05T16:29Z,HIGH
CVE-2020-21854,github,569.0,2021-07-30T14:15Z,MEDIUM
CVE-2021-41104,github,0.0,2021-09-28T16:15Z,HIGH
CVE-2020-3685,twitter,344.0,2021-01-21T10:15Z,HIGH
CVE-2020-0226,twitter,2.0,2020-07-17T21:15Z,HIGH
CVE-2016-0265,twitter,37.0,2017-02-01T20:59Z,MEDIUM
CVE-2017-16532,github,23.0,2017-11-04T01:29Z,MEDIUM
CVE-2017-6679,twitter,65.0,2017-12-01T17:29Z,MEDIUM
CVE-2017-2658,redhat,498.0,2018-07-27T18:29Z,MEDIUM
CVE-2021-30599,twitter,9.0,2021-08-26T18:15Z,HIGH
CVE-2021-45760,github,34.0,2022-01-14T00:15Z,MEDIUM
CVE-2021-24892,github,514.0,2021-11-23T20:15Z,HIGH
CVE-2021-43403,github,329.0,2022-09-29T03:15Z,MEDIUM
CVE-2020-14495,twitter,84.0,2020-09-25T18:15Z,
CVE-2019-10144,redhat,14.0,2019-06-03T19:29Z,HIGH
CVE-2017-9062,github,2.0,2017-05-18T14:29Z,HIGH
CVE-2018-6863,twitter,1.0,2018-02-12T03:29Z,CRITICAL
CVE-2021-41279,github,1.0,2021-11-26T18:15Z,HIGH
CVE-2016-2441,twitter,6.0,2016-05-09T10:59Z,HIGH
CVE-2017-15306,github,23.0,2017-11-06T18:29Z,MEDIUM
CVE-2020-28169,github,12.0,2020-12-24T15:15Z,HIGH
CVE-2016-6644,twitter,5.0,2016-09-17T21:59Z,MEDIUM
CVE-2016-4996,redhat,389.0,2017-07-17T13:18Z,HIGH
CVE-2020-25925,twitter,84.0,2021-07-07T14:15Z,MEDIUM
CVE-2020-28614,twitter,409.0,2022-04-18T17:15Z,HIGH
CVE-2017-17862,github,34.0,2017-12-27T17:08Z,MEDIUM
CVE-2019-11414,twitter,1.0,2019-04-22T11:29Z,HIGH
CVE-2020-10558,twitter,57.0,2020-03-20T19:15Z,MEDIUM
CVE-2021-39378,twitter,6.0,2021-09-01T13:15Z,CRITICAL
CVE-2020-36536,twitter,4.0,2022-06-07T18:15Z,HIGH
CVE-2020-8749,twitter,15.0,2020-11-12T18:15Z,HIGH
CVE-2018-13140,twitter,3.0,2018-09-24T22:29Z,HIGH
CVE-2021-35203,twitter,262.0,2021-09-30T18:15Z,MEDIUM
CVE-2017-1002152,github,518.0,2019-01-10T21:29Z,MEDIUM
CVE-2020-27757,redhat,35.0,2020-12-08T22:15Z,LOW
CVE-2019-13526,twitter,1.0,2019-08-30T09:15Z,HIGH
CVE-2020-1218,twitter,3.0,2020-09-11T17:15Z,HIGH
CVE-2019-7213,twitter,59.0,2019-04-24T15:29Z,MEDIUM
CVE-2016-9793,github,25.0,2016-12-28T07:59Z,HIGH
CVE-2019-10051,github,160.0,2019-08-28T20:15Z,HIGH
CVE-2016-8905,github,332.0,2016-11-14T23:20Z,HIGH
CVE-2020-19861,github,848.0,2022-01-21T15:15Z,HIGH
CVE-2019-1912,twitter,1.0,2019-08-07T06:15Z,CRITICAL
CVE-2017-12958,redhat,1.0,2017-08-18T21:29Z,HIGH
CVE-2018-4416,twitter,132.0,2019-04-03T18:29Z,HIGH
CVE-2019-5296,twitter,104.0,2019-06-04T18:29Z,LOW
CVE-2021-32462,twitter,9.0,2021-07-08T11:15Z,HIGH
CVE-2018-25008,github,1023.0,2021-04-14T07:15Z,MEDIUM
CVE-2019-14339,twitter,28.0,2019-09-05T20:15Z,MEDIUM
CVE-2019-8205,twitter,1.0,2019-10-17T21:15Z,CRITICAL
CVE-2019-1365,twitter,1.0,2019-10-10T14:15Z,CRITICAL
CVE-2016-1395,twitter,3.0,2016-06-19T01:59Z,CRITICAL
CVE-2019-0169,twitter,36.0,2019-12-18T22:15Z,HIGH
CVE-2021-45942,github,43.0,2022-01-01T01:15Z,MEDIUM
CVE-2017-3818,twitter,2.0,2017-02-03T07:59Z,MEDIUM
CVE-2021-41402,github,276.0,2022-06-16T10:15Z,HIGH
CVE-2017-11782,twitter,3.0,2017-10-13T13:29Z,HIGH
CVE-2018-0840,twitter,1.0,2018-02-15T02:29Z,HIGH
CVE-2020-17564,twitter,385.0,2021-04-22T22:15Z,CRITICAL
CVE-2021-39558,github,414.0,2021-09-20T16:15Z,HIGH
CVE-2021-31405,github,149.0,2021-04-23T16:15Z,HIGH
CVE-2019-19331,twitter,12.0,2019-12-16T16:15Z,HIGH
CVE-2021-40479,twitter,1.0,2021-10-13T01:15Z,HIGH
CVE-2019-19729,github,3.0,2019-12-11T20:15Z,HIGH
CVE-2021-23463,github,49.0,2021-12-10T20:15Z,CRITICAL
CVE-2019-5315,twitter,9.0,2019-09-13T17:15Z,HIGH
CVE-2020-4775,twitter,3.0,2020-10-12T13:15Z,MEDIUM
CVE-2017-14954,github,2.0,2017-10-02T01:29Z,MEDIUM
CVE-2019-8072,twitter,3.0,2019-09-27T16:15Z,HIGH
CVE-2017-1000507,github,105.0,2018-02-09T23:29Z,MEDIUM
CVE-2021-33218,twitter,41.0,2021-07-07T15:15Z,CRITICAL
CVE-2017-0073,twitter,3.0,2017-03-17T00:59Z,MEDIUM
CVE-2021-1526,twitter,1.0,2021-06-04T17:15Z,HIGH
CVE-2017-11801,twitter,3.0,2017-10-13T13:29Z,HIGH
CVE-2018-1285,twitter,1.0,2020-05-11T17:15Z,CRITICAL
CVE-2021-26867,twitter,2.0,2021-03-11T16:15Z,HIGH
CVE-2020-13984,twitter,2.0,2020-12-11T22:15Z,HIGH
CVE-2018-16984,twitter,1.0,2018-10-02T18:29Z,MEDIUM
CVE-2017-10125,twitter,10.0,2017-08-08T15:29Z,HIGH
CVE-2019-9049,github,5.0,2019-02-23T19:29Z,MEDIUM
CVE-2021-43863,github,34.0,2022-01-25T16:15Z,HIGH
CVE-2017-6413,github,9.0,2017-03-02T06:59Z,HIGH
CVE-2018-3846,twitter,4.0,2018-04-16T16:29Z,HIGH
CVE-2018-11707,twitter,1.0,2018-06-20T01:29Z,HIGH
CVE-2020-11977,twitter,1.0,2020-09-15T20:15Z,HIGH
CVE-2021-1825,twitter,132.0,2021-09-08T15:15Z,MEDIUM
CVE-2017-7509,redhat,425.0,2018-07-26T16:29Z,MEDIUM
CVE-2021-41249,github,0.0,2021-11-04T20:15Z,MEDIUM
CVE-2020-9384,twitter,49.0,2020-04-14T20:15Z,HIGH
CVE-2019-9482,github,0.0,2019-03-01T05:29Z,MEDIUM
CVE-2020-23352,github,251.0,2021-01-27T16:15Z,HIGH
CVE-2020-25232,twitter,6.0,2020-12-14T21:15Z,HIGH
CVE-2016-6384,twitter,6.0,2016-10-05T17:59Z,HIGH
CVE-2020-13958,twitter,6.0,2020-11-17T16:15Z,HIGH
CVE-2020-1895,twitter,72.0,2020-04-09T17:15Z,HIGH
CVE-2021-36170,twitter,273.0,2021-10-06T10:15Z,LOW
CVE-2020-15092,twitter,1.0,2020-07-09T19:15Z,MEDIUM
CVE-2021-32707,github,26.0,2021-07-12T19:15Z,MEDIUM
CVE-2021-40051,twitter,3.0,2022-03-10T17:43Z,HIGH
CVE-2019-5989,twitter,182.0,2020-01-06T06:15Z,MEDIUM
CVE-2016-1727,twitter,5.0,2016-02-01T11:59Z,HIGH
CVE-2017-16788,twitter,1.0,2017-12-15T18:29Z,HIGH
CVE-2020-6382,twitter,6.0,2020-02-11T15:15Z,HIGH
CVE-2017-3803,twitter,7.0,2017-01-26T07:59Z,MEDIUM
CVE-2019-20891,twitter,322.0,2020-06-19T21:15Z,HIGH
CVE-2018-10581,github,18.0,2018-05-01T13:29Z,MEDIUM
CVE-2016-7200,twitter,2.0,2016-11-10T06:59Z,HIGH
CVE-2021-46627,twitter,18.0,2022-02-18T20:15Z,HIGH
CVE-2020-7486,twitter,1.0,2020-04-16T19:15Z,HIGH
CVE-2020-29050,twitter,3.0,2022-01-10T14:10Z,HIGH
CVE-2016-8935,twitter,7.0,2017-03-31T18:59Z,MEDIUM
CVE-2021-46437,github,78.0,2022-04-08T11:15Z,MEDIUM
CVE-2016-3939,twitter,5.0,2016-10-10T10:59Z,HIGH
CVE-2021-26870,twitter,2.0,2021-03-11T16:15Z,HIGH
CVE-2017-13140,github,32.0,2017-08-23T06:29Z,MEDIUM
CVE-2020-36208,twitter,4.0,2021-01-26T18:15Z,HIGH
CVE-2020-36326,github,209.0,2021-04-28T03:15Z,CRITICAL
CVE-2019-18890,twitter,3.0,2019-11-21T18:15Z,MEDIUM
CVE-2018-18073,twitter,5.0,2018-10-15T16:29Z,MEDIUM
CVE-2019-17026,twitter,54.0,2020-03-02T05:15Z,HIGH
CVE-2018-11547,github,0.0,2018-05-29T21:29Z,CRITICAL
CVE-2020-10996,twitter,7.0,2020-04-27T13:15Z,HIGH
CVE-2016-7282,twitter,7.0,2016-12-20T06:59Z,MEDIUM
CVE-2018-14041,github,73.0,2018-07-13T14:29Z,MEDIUM
CVE-2016-2315,github,185.0,2016-04-08T14:59Z,CRITICAL
CVE-2020-7795,github,553.0,2022-08-02T14:15Z,CRITICAL
CVE-2019-6024,twitter,48.0,2019-12-26T16:15Z,MEDIUM
CVE-2017-17840,twitter,5.0,2017-12-27T17:08Z,HIGH
CVE-2016-9561,twitter,15.0,2016-12-23T05:59Z,MEDIUM
CVE-2016-5769,github,47.0,2016-08-07T10:59Z,CRITICAL
CVE-2019-19375,github,14.0,2019-11-28T17:15Z,MEDIUM
CVE-2016-9675,twitter,23.0,2016-12-22T21:59Z,HIGH
CVE-2021-20230,github,134.0,2021-02-23T17:15Z,HIGH
CVE-2021-29441,github,103.0,2021-04-27T21:15Z,CRITICAL
CVE-2021-39925,twitter,2.0,2021-11-19T17:15Z,HIGH
CVE-2019-20792,github,146.0,2020-04-29T04:15Z,MEDIUM
CVE-2020-1744,redhat,31.0,2020-03-24T14:15Z,MEDIUM
CVE-2018-10895,redhat,2.0,2018-07-12T12:29Z,HIGH
CVE-2018-17588,twitter,3.0,2018-10-02T18:29Z,MEDIUM
CVE-2017-12822,twitter,1.0,2017-10-04T01:29Z,CRITICAL
CVE-2019-19856,github,15.0,2020-01-15T23:15Z,MEDIUM
CVE-2021-3879,github,3.0,2021-10-19T13:15Z,MEDIUM
CVE-2020-27729,twitter,7.0,2020-12-24T16:15Z,MEDIUM
CVE-2018-3856,twitter,26.0,2018-08-23T22:29Z,CRITICAL
CVE-2021-4158,redhat,244.0,2022-08-24T16:15Z,MEDIUM
CVE-2018-16858,redhat,131.0,2019-03-25T18:29Z,CRITICAL
CVE-2019-19602,twitter,13.0,2019-12-05T14:15Z,MEDIUM
CVE-2019-9877,twitter,2.0,2019-03-21T16:01Z,HIGH
CVE-2016-0185,twitter,1.0,2016-05-11T01:59Z,HIGH
CVE-2018-5811,github,227.0,2018-12-07T22:29Z,MEDIUM
CVE-2018-16618,twitter,70.0,2019-06-19T18:15Z,CRITICAL
CVE-2021-34854,twitter,83.0,2021-10-25T17:15Z,HIGH
CVE-2019-1010039,github,500.0,2019-07-15T14:15Z,CRITICAL
CVE-2019-16161,github,43.0,2019-09-09T17:15Z,HIGH
CVE-2020-0984,twitter,1.0,2020-04-15T15:15Z,HIGH
CVE-2021-28117,twitter,9.0,2021-03-20T21:15Z,HIGH
CVE-2021-3246,github,186.0,2021-07-20T15:15Z,HIGH
CVE-2021-40025,twitter,3.0,2022-01-10T14:10Z,HIGH
CVE-2021-21992,twitter,1.0,2021-09-22T19:15Z,MEDIUM
CVE-2021-38502,twitter,22.0,2021-11-03T01:15Z,MEDIUM
CVE-2017-12994,github,0.0,2017-09-14T06:29Z,CRITICAL
CVE-2017-1000065,github,122.0,2017-07-17T13:18Z,MEDIUM
CVE-2021-3278,twitter,1.0,2021-01-26T18:16Z,CRITICAL
CVE-2020-19302,github,812.0,2021-08-03T22:15Z,CRITICAL
CVE-2016-6828,redhat,62.0,2016-10-16T21:59Z,MEDIUM
CVE-2021-39546,github,402.0,2021-09-20T16:15Z,HIGH
CVE-2018-11060,twitter,1.0,2018-07-24T19:29Z,HIGH
CVE-2019-14933,github,137.0,2019-08-11T21:15Z,HIGH
CVE-2019-4473,twitter,3.0,2019-08-05T14:15Z,HIGH
CVE-2018-20505,twitter,97.0,2019-04-03T18:29Z,HIGH
CVE-2017-7274,github,0.0,2017-03-27T17:59Z,MEDIUM
CVE-2020-18048,github,953.0,2021-09-02T18:15Z,CRITICAL
CVE-2019-1010084,github,437.0,2019-07-17T14:15Z,MEDIUM
CVE-2021-41171,github,75.0,2021-10-22T19:15Z,HIGH
CVE-2018-11066,twitter,6.0,2018-11-26T20:29Z,CRITICAL
CVE-2017-4965,twitter,33.0,2017-06-13T06:29Z,MEDIUM
CVE-2017-7154,twitter,2.0,2017-12-27T17:08Z,MEDIUM
CVE-2017-11341,redhat,3.0,2017-07-17T13:18Z,HIGH
CVE-2021-45856,twitter,1.0,2022-01-10T14:11Z,HIGH
CVE-2019-18609,github,27.0,2019-12-01T22:15Z,CRITICAL
CVE-2021-22982,twitter,2.0,2021-02-12T18:15Z,HIGH
CVE-2018-18735,twitter,1.0,2018-10-29T12:29Z,HIGH
CVE-2018-8447,twitter,2.0,2018-09-13T00:29Z,HIGH
CVE-2017-16787,twitter,1.0,2017-12-15T18:29Z,MEDIUM
CVE-2020-10532,twitter,49.0,2020-03-12T19:15Z,HIGH
CVE-2016-6689,twitter,4.0,2016-10-10T11:00Z,MEDIUM
CVE-2017-11775,twitter,3.0,2017-10-13T13:29Z,MEDIUM
CVE-2018-1000117,github,1.0,2018-03-07T14:29Z,MEDIUM
CVE-2018-1000651,github,28.0,2018-08-20T19:31Z,CRITICAL
CVE-2019-7726,github,778.0,2020-12-31T05:15Z,CRITICAL
CVE-2019-9382,twitter,24.0,2019-09-27T19:15Z,HIGH
CVE-2017-11234,twitter,3.0,2017-08-11T19:29Z,HIGH
CVE-2019-4730,twitter,1.0,2021-06-01T14:15Z,HIGH
CVE-2020-27905,twitter,32.0,2020-12-08T21:15Z,HIGH
CVE-2020-14400,github,20.0,2020-06-17T16:15Z,HIGH
CVE-2020-18754,twitter,478.0,2021-08-13T17:15Z,HIGH
CVE-2020-27822,redhat,4.0,2020-12-08T01:15Z,MEDIUM
CVE-2019-7585,github,21.0,2019-02-07T18:29Z,CRITICAL
CVE-2017-3470,twitter,5.0,2017-04-24T19:59Z,MEDIUM
CVE-2018-1000053,github,16.0,2018-02-09T23:29Z,HIGH
CVE-2018-9233,twitter,1.0,2018-04-05T17:29Z,HIGH
CVE-2018-17228,github,0.0,2018-09-19T21:29Z,CRITICAL
CVE-2020-14959,twitter,1.0,2020-06-22T00:15Z,MEDIUM
CVE-2019-14690,github,0.0,2019-08-06T13:15Z,HIGH
CVE-2017-10664,twitter,34.0,2017-08-02T19:29Z,HIGH
CVE-2018-11716,twitter,3.0,2018-07-16T14:29Z,CRITICAL
CVE-2020-14418,twitter,60.0,2021-01-30T06:15Z,HIGH
CVE-2020-12390,twitter,21.0,2020-05-26T18:15Z,CRITICAL
CVE-2020-35220,twitter,1.0,2021-03-10T18:15Z,
CVE-2021-37657,github,12.0,2021-08-12T21:15Z,HIGH
CVE-2020-26208,github,468.0,2022-02-02T12:15Z,MEDIUM
CVE-2017-13875,twitter,18.0,2017-12-25T21:29Z,HIGH
CVE-2020-25927,twitter,7.0,2021-08-18T19:15Z,HIGH
CVE-2017-11840,twitter,1.0,2017-11-15T03:29Z,HIGH
CVE-2017-11870,twitter,1.0,2017-11-15T03:29Z,HIGH
CVE-2020-35497,redhat,4.0,2020-12-21T17:15Z,MEDIUM
CVE-2019-19345,redhat,59.0,2020-03-20T15:15Z,HIGH
CVE-2018-0511,twitter,1.0,2018-02-01T14:29Z,MEDIUM
CVE-2021-27903,github,133.0,2021-06-30T12:15Z,CRITICAL
CVE-2020-25461,github,91.0,2020-12-04T17:15Z,HIGH
CVE-2019-11806,twitter,4.0,2019-08-20T13:15Z,LOW
CVE-2019-18577,twitter,204.0,2020-03-13T21:15Z,MEDIUM
CVE-2018-10185,github,0.0,2018-04-17T19:29Z,HIGH
CVE-2018-18935,github,5.0,2018-11-05T09:29Z,HIGH
CVE-2016-7443,twitter,1.0,2018-03-07T02:29Z,CRITICAL
CVE-2020-36517,github,517.0,2022-03-10T17:41Z,HIGH
CVE-2021-34478,twitter,2.0,2021-08-12T18:15Z,HIGH
CVE-2021-34068,github,31.0,2021-06-23T22:15Z,MEDIUM
CVE-2019-11490,github,1.0,2019-04-24T03:29Z,HIGH
CVE-2021-23138,twitter,20.0,2022-01-14T20:15Z,HIGH
CVE-2016-4683,twitter,116.0,2017-02-20T08:59Z,HIGH
CVE-2016-8795,twitter,129.0,2017-04-02T20:59Z,MEDIUM
CVE-2021-43990,twitter,1.0,2022-04-20T16:15Z,MEDIUM
CVE-2021-34122,github,301.0,2022-03-10T17:42Z,MEDIUM
CVE-2021-44622,twitter,1.0,2022-03-10T17:44Z,CRITICAL
CVE-2020-13622,github,3.0,2020-05-27T00:15Z,HIGH
CVE-2020-2050,twitter,1.0,2020-11-12T00:15Z,HIGH
CVE-2020-9575,twitter,9.0,2020-06-25T22:15Z,HIGH
CVE-2016-8609,redhat,651.0,2018-08-01T17:29Z,HIGH
CVE-2019-9927,github,28.0,2019-03-22T08:29Z,CRITICAL
CVE-2020-13007,twitter,458.0,2021-06-11T22:15Z,
CVE-2018-12203,twitter,52.0,2019-03-14T20:29Z,MEDIUM
CVE-2017-7649,github,268.0,2017-09-11T16:29Z,CRITICAL
CVE-2021-28428,github,317.0,2022-04-05T16:15Z,CRITICAL
CVE-2016-8963,twitter,27.0,2017-02-01T22:59Z,MEDIUM
CVE-2019-11930,github,36.0,2019-12-04T17:16Z,CRITICAL
CVE-2021-44971,twitter,45.0,2022-01-28T19:15Z,CRITICAL
CVE-2021-41191,github,8.0,2021-10-27T21:15Z,HIGH
CVE-2021-4216,github,219.0,2022-08-26T16:15Z,MEDIUM
CVE-2021-23971,twitter,3.0,2021-02-26T02:15Z,MEDIUM
CVE-2020-13599,twitter,1.0,2021-05-25T17:15Z,LOW
CVE-2021-36547,github,422.0,2021-10-28T20:15Z,CRITICAL
CVE-2019-7327,github,11.0,2019-02-04T19:29Z,MEDIUM
CVE-2016-1550,twitter,247.0,2017-01-06T21:59Z,MEDIUM
CVE-2020-7567,twitter,275.0,2020-11-19T22:15Z,MEDIUM
CVE-2021-44957,github,229.0,2022-02-08T15:15Z,MEDIUM
CVE-2020-8288,twitter,5.0,2021-01-26T18:16Z,MEDIUM
CVE-2021-21360,github,7.0,2021-03-09T01:15Z,MEDIUM
CVE-2019-19388,github,0.0,2019-11-29T00:15Z,MEDIUM
CVE-2017-3167,twitter,1.0,2017-06-20T01:29Z,CRITICAL
CVE-2020-8910,github,12.0,2020-03-26T12:15Z,MEDIUM
CVE-2020-4644,twitter,103.0,2020-07-29T14:15Z,MEDIUM
CVE-2020-10685,redhat,54.0,2020-05-11T14:15Z,MEDIUM
CVE-2017-10836,twitter,1.0,2017-08-29T01:35Z,HIGH
CVE-2017-8331,twitter,11.0,2019-06-18T20:15Z,HIGH
CVE-2017-1000477,github,44.0,2018-01-03T18:29Z,HIGH
CVE-2017-12877,github,19.0,2017-08-28T19:29Z,MEDIUM
CVE-2019-12472,twitter,28.0,2019-07-10T16:15Z,HIGH
CVE-2020-16919,twitter,2.0,2020-10-16T23:15Z,MEDIUM
CVE-2020-26255,github,7.0,2020-12-08T15:15Z,CRITICAL
CVE-2019-6735,twitter,2.0,2019-03-21T16:01Z,MEDIUM
CVE-2020-23330,github,458.0,2021-08-17T22:15Z,HIGH
CVE-2019-16779,github,3.0,2019-12-16T20:15Z,MEDIUM
CVE-2016-4448,redhat,17.0,2016-06-09T16:59Z,CRITICAL
CVE-2019-13336,twitter,54.0,2019-10-08T13:15Z,CRITICAL
CVE-2018-6361,twitter,2.0,2018-05-11T21:29Z,MEDIUM
CVE-2020-1515,twitter,6.0,2020-08-17T19:15Z,HIGH
CVE-2021-31507,twitter,14.0,2021-06-29T15:15Z,HIGH
CVE-2016-8734,twitter,321.0,2017-10-16T13:29Z,MEDIUM
CVE-2017-6663,twitter,12.0,2017-08-07T06:29Z,MEDIUM
CVE-2017-11347,twitter,1.0,2017-07-17T13:18Z,HIGH
CVE-2021-41772,twitter,4.0,2021-11-08T06:15Z,HIGH
CVE-2017-11799,twitter,3.0,2017-10-13T13:29Z,HIGH
CVE-2019-9755,twitter,73.0,2019-06-05T15:29Z,HIGH
CVE-2021-20585,twitter,1.0,2021-06-01T14:15Z,MEDIUM
CVE-2016-9447,twitter,63.0,2017-01-23T21:59Z,HIGH
CVE-2018-5720,twitter,3.0,2018-01-29T05:29Z,HIGH
CVE-2018-18408,github,1.0,2018-10-17T04:29Z,CRITICAL
CVE-2017-10067,twitter,15.0,2017-08-08T15:29Z,HIGH
CVE-2020-4541,twitter,188.0,2020-08-10T13:15Z,MEDIUM
CVE-2017-12863,github,0.0,2017-08-15T16:29Z,HIGH
CVE-2019-19091,twitter,17.0,2020-04-02T20:15Z,MEDIUM
CVE-2018-13886,twitter,16.0,2019-05-24T17:29Z,CRITICAL
CVE-2018-11222,twitter,1.0,2018-06-16T01:29Z,HIGH
CVE-2020-25655,redhat,25.0,2020-11-09T15:15Z,MEDIUM
CVE-2016-4678,twitter,216.0,2017-02-20T08:59Z,HIGH
CVE-2017-2382,twitter,5.0,2017-04-02T01:59Z,HIGH
CVE-2018-4443,twitter,98.0,2019-04-03T18:29Z,HIGH
CVE-2021-0206,twitter,2.0,2021-01-15T18:15Z,HIGH
CVE-2018-0827,twitter,2.0,2018-02-15T02:29Z,MEDIUM
CVE-2017-2664,redhat,489.0,2018-07-26T14:29Z,MEDIUM
CVE-2018-17472,twitter,6.0,2018-11-14T15:29Z,CRITICAL
CVE-2020-15681,twitter,2.0,2020-10-22T21:15Z,HIGH
CVE-2020-15665,twitter,195.0,2020-10-01T19:15Z,MEDIUM
CVE-2017-1000111,twitter,56.0,2017-10-05T01:29Z,HIGH
CVE-2021-37996,twitter,14.0,2021-11-02T22:15Z,MEDIUM
CVE-2020-11035,twitter,28.0,2020-05-05T22:15Z,CRITICAL
CVE-2016-2110,twitter,13.0,2016-04-25T00:59Z,MEDIUM
CVE-2021-30322,twitter,3.0,2022-02-11T11:15Z,HIGH
CVE-2021-3188,twitter,5.0,2021-01-26T18:16Z,CRITICAL
CVE-2019-5969,twitter,25.0,2019-07-05T14:15Z,MEDIUM
CVE-2018-3818,twitter,53.0,2018-03-30T20:29Z,MEDIUM
CVE-2019-10076,twitter,1.0,2019-05-20T21:29Z,MEDIUM
CVE-2019-10913,github,30.0,2019-05-16T22:29Z,CRITICAL
CVE-2021-2460,twitter,1.0,2021-07-21T00:15Z,MEDIUM
CVE-2019-1010246,github,178.0,2019-07-18T19:15Z,HIGH
CVE-2020-27736,twitter,9.0,2021-04-22T21:15Z,MEDIUM
CVE-2019-8566,twitter,267.0,2019-12-18T18:15Z,LOW
CVE-2018-4063,twitter,7.0,2019-05-06T19:29Z,HIGH
CVE-2017-5149,twitter,28.0,2017-02-13T22:59Z,HIGH
CVE-2018-6346,github,4.0,2018-12-31T22:29Z,HIGH
CVE-2021-3195,github,20.0,2021-01-26T18:16Z,HIGH
CVE-2021-44827,twitter,81.0,2022-03-04T22:15Z,HIGH
CVE-2018-7651,twitter,18.0,2018-03-04T01:29Z,MEDIUM
CVE-2020-5304,twitter,124.0,2020-06-08T17:15Z,HIGH
CVE-2017-5461,twitter,21.0,2017-05-11T01:29Z,CRITICAL
CVE-2020-14502,twitter,719.0,2022-02-24T19:15Z,MEDIUM
CVE-2019-11890,twitter,7.0,2019-07-09T13:15Z,HIGH
CVE-2016-0072,twitter,1.0,2016-02-10T11:59Z,HIGH
CVE-2017-1000106,twitter,1.0,2017-10-05T01:29Z,HIGH
CVE-2017-12676,github,13.0,2017-08-07T21:29Z,MEDIUM
CVE-2020-14598,twitter,153.0,2020-07-15T18:15Z,CRITICAL
CVE-2019-8731,twitter,83.0,2019-12-18T18:15Z,MEDIUM
CVE-2016-6581,twitter,159.0,2017-01-10T15:59Z,HIGH
CVE-2018-1000873,github,71.0,2018-12-20T17:29Z,MEDIUM
CVE-2020-14317,redhat,330.0,2021-06-02T12:15Z,MEDIUM
CVE-2021-27516,github,8.0,2021-02-22T00:15Z,HIGH
CVE-2016-6552,twitter,630.0,2018-07-13T20:29Z,CRITICAL
CVE-2020-17511,twitter,1.0,2020-12-14T10:15Z,MEDIUM
CVE-2019-8565,twitter,240.0,2019-12-18T18:15Z,HIGH
CVE-2021-4112,redhat,267.0,2022-08-25T20:15Z,HIGH
CVE-2018-4878,twitter,5.0,2018-02-06T21:29Z,CRITICAL
CVE-2021-45051,twitter,1.0,2022-01-14T20:15Z,MEDIUM
CVE-2021-45081,twitter,2.0,2022-02-20T18:15Z,MEDIUM
CVE-2021-31351,twitter,5.0,2021-10-19T19:15Z,HIGH
CVE-2019-16511,twitter,7.0,2019-09-19T16:15Z,MEDIUM
CVE-2021-40002,twitter,3.0,2022-01-10T14:10Z,HIGH
CVE-2020-14375,redhat,14.0,2020-09-30T19:15Z,HIGH
CVE-2016-10169,github,82.0,2017-03-14T14:59Z,MEDIUM
CVE-2021-35067,twitter,99.0,2021-10-07T15:15Z,HIGH
CVE-2021-3736,github,377.0,2022-08-23T16:15Z,MEDIUM
CVE-2021-30180,twitter,1.0,2021-06-01T14:15Z,CRITICAL
CVE-2019-14732,github,0.0,2019-08-07T01:15Z,HIGH
CVE-2019-14517,github,10.0,2019-08-01T23:15Z,MEDIUM
CVE-2018-3879,twitter,26.0,2018-08-23T15:29Z,HIGH
CVE-2017-14240,github,4.0,2017-09-11T09:29Z,HIGH
CVE-2019-6775,twitter,88.0,2019-10-04T18:15Z,HIGH
CVE-2019-5146,twitter,3.0,2020-01-25T18:15Z,HIGH
CVE-2018-16976,github,4.0,2018-09-12T22:29Z,HIGH
CVE-2020-11018,twitter,127.0,2020-05-29T17:15Z,MEDIUM
CVE-2018-12805,twitter,10.0,2018-07-20T19:29Z,CRITICAL
CVE-2017-0268,twitter,3.0,2017-05-12T14:29Z,MEDIUM
CVE-2018-5186,twitter,113.0,2018-10-18T13:29Z,CRITICAL
CVE-2020-7663,github,0.0,2020-06-02T19:15Z,HIGH
CVE-2017-1795,twitter,53.0,2018-07-06T14:29Z,MEDIUM
CVE-2021-33909,github,0.0,2021-07-20T19:15Z,HIGH
CVE-2017-1000058,twitter,3.0,2017-07-17T13:18Z,MEDIUM
CVE-2018-15756,twitter,2.0,2018-10-18T22:29Z,HIGH
CVE-2016-8869,github,10.0,2016-11-04T21:59Z,CRITICAL
CVE-2019-19479,github,28.0,2019-12-01T23:15Z,MEDIUM
CVE-2019-14884,redhat,71.0,2020-03-18T13:15Z,MEDIUM
CVE-2018-19541,github,135.0,2018-11-26T03:29Z,HIGH
CVE-2017-15983,twitter,1.0,2017-10-31T07:29Z,CRITICAL
CVE-2020-11956,twitter,4.0,2020-07-14T14:15Z,CRITICAL
CVE-2020-6686,twitter,339.0,2021-01-12T20:15Z,
CVE-2021-22908,twitter,9.0,2021-05-27T12:15Z,HIGH
CVE-2018-18798,twitter,3.0,2019-03-21T16:00Z,CRITICAL
CVE-2016-7229,twitter,2.0,2016-11-10T06:59Z,HIGH
CVE-2021-37654,github,12.0,2021-08-12T21:15Z,HIGH
CVE-2017-13991,twitter,1.0,2017-09-30T01:29Z,MEDIUM
CVE-2019-17123,twitter,4.0,2019-12-13T18:15Z,HIGH
CVE-2018-6611,github,0.0,2018-02-04T12:29Z,HIGH
CVE-2017-6022,twitter,98.0,2017-06-30T03:29Z,CRITICAL
CVE-2016-3239,twitter,1.0,2016-07-13T01:59Z,HIGH
CVE-2019-1867,twitter,3.0,2019-05-10T12:29Z,CRITICAL
CVE-2021-30779,twitter,47.0,2021-09-08T14:15Z,HIGH
CVE-2016-3256,twitter,1.0,2016-07-13T01:59Z,MEDIUM
CVE-2021-39941,twitter,6.0,2021-12-13T16:15Z,MEDIUM
CVE-2019-10276,github,0.0,2019-03-29T07:29Z,CRITICAL
CVE-2016-7287,twitter,7.0,2016-12-20T06:59Z,HIGH
CVE-2019-7648,github,19.0,2019-02-08T17:29Z,HIGH
CVE-2018-1297,twitter,2.0,2018-02-13T12:29Z,CRITICAL
CVE-2020-0548,twitter,1.0,2020-01-28T01:15Z,MEDIUM
CVE-2021-40035,twitter,3.0,2022-01-10T14:10Z,HIGH
CVE-2019-11395,twitter,1.0,2019-04-22T11:29Z,CRITICAL
CVE-2016-9738,twitter,1.0,2017-06-27T16:29Z,HIGH
CVE-2017-1000036,twitter,3.0,2017-07-17T13:18Z,
CVE-2017-3087,twitter,7.0,2017-06-20T17:29Z,HIGH
CVE-2020-11651,twitter,1.0,2020-04-30T17:15Z,CRITICAL
CVE-2016-10030,github,0.0,2017-01-05T11:59Z,HIGH
CVE-2017-0816,twitter,1.0,2017-10-04T01:29Z,MEDIUM
CVE-2019-10142,redhat,74.0,2019-07-30T17:15Z,HIGH
CVE-2020-20347,github,727.0,2021-09-01T22:15Z,MEDIUM
CVE-2021-45441,twitter,4.0,2022-01-10T14:10Z,HIGH
CVE-2020-21677,github,595.0,2021-08-10T21:15Z,MEDIUM
CVE-2020-26759,github,116.0,2021-01-06T13:15Z,CRITICAL
CVE-2018-3628,twitter,97.0,2018-07-10T21:29Z,HIGH
CVE-2017-3631,twitter,1.0,2017-06-22T13:29Z,MEDIUM
CVE-2020-17048,twitter,1.0,2020-11-11T07:15Z,HIGH
CVE-2020-26282,github,10.0,2020-12-24T21:15Z,CRITICAL
CVE-2019-9094,twitter,3.0,2019-03-21T16:01Z,MEDIUM
CVE-2021-34832,twitter,5.0,2021-08-04T16:15Z,HIGH
CVE-2017-7541,github,12.0,2017-07-25T04:29Z,HIGH
CVE-2021-30837,twitter,29.0,2021-10-19T14:15Z,HIGH
CVE-2020-7733,github,4.0,2020-09-16T14:15Z,HIGH
CVE-2020-11457,github,23.0,2020-04-01T16:15Z,MEDIUM
CVE-2017-12465,github,183.0,2018-02-07T17:29Z,CRITICAL
CVE-2017-17883,github,33.0,2017-12-27T17:08Z,MEDIUM
CVE-2019-8240,twitter,2.0,2019-11-14T16:15Z,HIGH
CVE-2017-8970,twitter,84.0,2018-02-15T22:29Z,MEDIUM
CVE-2020-11191,twitter,1.0,2021-04-07T08:15Z,CRITICAL
CVE-2021-45930,github,65.0,2022-01-01T01:15Z,MEDIUM
CVE-2021-20293,redhat,77.0,2021-06-10T12:15Z,MEDIUM
CVE-2021-39256,twitter,8.0,2021-09-07T15:15Z,HIGH
CVE-2021-41200,github,274.0,2021-11-05T20:15Z,MEDIUM
CVE-2017-15125,redhat,244.0,2018-07-27T15:29Z,MEDIUM
CVE-2021-43208,twitter,1.0,2021-11-10T01:19Z,HIGH
CVE-2020-12595,twitter,1.0,2020-12-10T06:15Z,MEDIUM
CVE-2018-20648,twitter,1.0,2019-03-21T16:00Z,HIGH
CVE-2018-1000531,github,55.0,2018-06-26T16:29Z,HIGH
CVE-2017-7394,github,2.0,2017-04-01T02:59Z,HIGH
CVE-2020-11116,twitter,35.0,2020-09-08T10:15Z,CRITICAL
CVE-2018-18260,twitter,4.0,2018-10-15T19:29Z,MEDIUM
CVE-2017-2499,twitter,7.0,2017-05-22T05:29Z,HIGH
CVE-2016-5407,twitter,67.0,2016-12-13T20:59Z,CRITICAL
CVE-2020-17002,twitter,2.0,2020-12-10T00:15Z,CRITICAL
CVE-2020-7373,github,81.0,2020-10-30T17:15Z,CRITICAL
CVE-2017-3210,twitter,455.0,2018-07-24T15:29Z,HIGH
CVE-2021-23214,github,116.0,2022-03-04T16:15Z,HIGH
CVE-2016-9739,twitter,23.0,2017-02-01T22:59Z,HIGH
CVE-2019-1077,twitter,6.0,2019-07-15T19:15Z,MEDIUM
CVE-2019-14359,twitter,5.0,2019-08-12T23:15Z,LOW
CVE-2016-6085,twitter,27.0,2017-02-01T20:59Z,MEDIUM
CVE-2019-15021,twitter,8.0,2019-10-09T21:15Z,MEDIUM
CVE-2020-24444,twitter,2.0,2020-12-10T06:15Z,MEDIUM
CVE-2021-36371,github,86.0,2021-07-09T21:15Z,LOW
CVE-2020-19751,github,792.0,2021-09-07T20:15Z,CRITICAL
CVE-2020-25783,twitter,2.0,2021-01-28T03:15Z,CRITICAL
CVE-2017-14846,twitter,1.0,2017-09-28T01:29Z,HIGH
CVE-2017-12978,github,1.0,2017-08-21T07:29Z,MEDIUM
CVE-2017-14953,twitter,3.0,2017-12-01T17:29Z,MEDIUM
CVE-2017-14464,twitter,37.0,2018-04-05T21:29Z,CRITICAL
CVE-2019-1010094,github,415.0,2019-07-18T13:15Z,HIGH
CVE-2019-20839,github,437.0,2020-06-17T16:15Z,HIGH
CVE-2021-32157,twitter,3.0,2022-04-11T06:15Z,CRITICAL
CVE-2018-0618,twitter,31.0,2018-07-26T17:29Z,MEDIUM
CVE-2018-8467,twitter,1.0,2018-09-13T00:29Z,HIGH
CVE-2021-20532,twitter,1.0,2021-04-26T17:15Z,HIGH
CVE-2020-14372,redhat,188.0,2021-03-03T17:15Z,HIGH
CVE-2017-2595,redhat,560.0,2018-07-27T15:29Z,MEDIUM
CVE-2018-20334,twitter,349.0,2020-03-20T01:15Z,CRITICAL
CVE-2019-13296,github,16.0,2019-07-05T01:15Z,MEDIUM
CVE-2018-11741,twitter,24.0,2018-12-26T21:29Z,CRITICAL
CVE-2021-3730,github,3.0,2021-08-23T13:15Z,MEDIUM
CVE-2021-21228,twitter,3.0,2021-04-30T21:15Z,MEDIUM
CVE-2016-9432,github,117.0,2016-12-12T02:59Z,MEDIUM
CVE-2020-29669,twitter,4.0,2020-12-14T02:15Z,HIGH
CVE-2017-8694,twitter,3.0,2017-10-13T13:29Z,HIGH
CVE-2021-4034,redhat,368.0,2022-01-28T20:15Z,HIGH
CVE-2020-11078,github,0.0,2020-05-20T16:15Z,MEDIUM
CVE-2020-4070,github,3.0,2020-06-22T16:15Z,MEDIUM
CVE-2019-9976,twitter,16.0,2019-04-11T19:29Z,HIGH
CVE-2017-9227,github,2.0,2017-05-24T15:29Z,CRITICAL
CVE-2017-17871,twitter,3.0,2017-12-27T17:08Z,CRITICAL
CVE-2021-43892,twitter,1.0,2021-12-15T15:15Z,HIGH
CVE-2019-9157,twitter,27.0,2019-06-05T19:29Z,MEDIUM
CVE-2020-13433,github,2.0,2020-05-24T22:15Z,CRITICAL
CVE-2021-41751,github,169.0,2022-04-05T16:15Z,CRITICAL
CVE-2020-25507,twitter,4.0,2020-12-28T20:15Z,HIGH
CVE-2021-27213,github,0.0,2021-02-14T04:15Z,CRITICAL
CVE-2021-0696,twitter,8.0,2022-10-11T20:15Z,HIGH
CVE-2021-33123,twitter,1.0,2022-05-12T17:15Z,HIGH
CVE-2017-14628,github,2.0,2017-09-21T07:29Z,CRITICAL
CVE-2021-31478,twitter,13.0,2021-06-15T19:15Z,HIGH
CVE-2020-0851,twitter,1.0,2020-03-12T16:15Z,HIGH
CVE-2020-1380,twitter,6.0,2020-08-17T19:15Z,HIGH
CVE-2019-3888,redhat,75.0,2019-06-12T14:29Z,CRITICAL
CVE-2020-28481,github,81.0,2021-01-19T15:15Z,MEDIUM
CVE-2021-40123,twitter,1.0,2021-10-21T03:15Z,MEDIUM
CVE-2017-17328,twitter,75.0,2018-03-09T17:29Z,MEDIUM
CVE-2017-5129,twitter,36.0,2018-02-07T23:29Z,HIGH
CVE-2021-1811,twitter,134.0,2021-09-08T15:15Z,MEDIUM
CVE-2021-20257,redhat,391.0,2022-03-16T15:15Z,MEDIUM
CVE-2017-13141,github,30.0,2017-08-23T06:29Z,MEDIUM
CVE-2020-12049,twitter,4.0,2020-06-08T17:15Z,MEDIUM
CVE-2020-11008,github,1.0,2020-04-21T19:15Z,HIGH
CVE-2016-8222,twitter,12.0,2016-11-30T15:59Z,MEDIUM
CVE-2021-26556,twitter,177.0,2021-10-07T01:15Z,HIGH
CVE-2019-9540,twitter,14.0,2020-01-03T22:15Z,MEDIUM
CVE-2018-1009,twitter,1.0,2018-04-12T01:29Z,HIGH
CVE-2019-12498,twitter,284.0,2020-03-20T19:15Z,CRITICAL
CVE-2017-6438,github,19.0,2017-03-15T14:59Z,HIGH
CVE-2019-16914,github,86.0,2019-09-26T18:15Z,MEDIUM
CVE-2017-1000426,github,141.0,2018-01-02T21:29Z,MEDIUM
CVE-2018-7707,twitter,2.0,2018-03-15T01:29Z,MEDIUM
CVE-2017-3105,twitter,80.0,2017-12-01T08:29Z,MEDIUM
CVE-2016-7257,twitter,3.0,2016-12-20T06:59Z,MEDIUM
CVE-2021-45788,github,282.0,2022-09-29T03:15Z,HIGH
CVE-2020-22617,github,576.0,2021-10-08T20:15Z,CRITICAL
CVE-2020-0339,twitter,8.0,2020-10-14T14:15Z,CRITICAL
CVE-2021-45829,github,16.0,2022-01-03T22:15Z,MEDIUM
CVE-2019-7334,github,11.0,2019-02-04T19:29Z,MEDIUM
CVE-2018-0317,twitter,154.0,2018-06-07T12:29Z,HIGH
CVE-2020-18899,github,890.0,2021-08-19T22:15Z,MEDIUM
CVE-2018-4228,twitter,10.0,2018-06-08T18:29Z,HIGH
CVE-2019-7792,twitter,1.0,2019-05-22T15:29Z,CRITICAL
CVE-2020-3433,twitter,12.0,2020-08-17T18:15Z,HIGH
CVE-2020-11252,twitter,258.0,2021-04-07T08:15Z,MEDIUM
CVE-2021-23042,twitter,19.0,2021-09-14T15:15Z,HIGH
CVE-2018-8396,twitter,1.0,2018-08-15T17:29Z,MEDIUM
CVE-2021-40048,twitter,3.0,2022-03-10T17:43Z,HIGH
CVE-2017-11874,twitter,1.0,2017-11-15T03:29Z,LOW
CVE-2021-46743,github,237.0,2022-03-29T07:15Z,CRITICAL
CVE-2020-15123,github,62.0,2020-07-20T18:15Z,CRITICAL
CVE-2016-7055,twitter,175.0,2017-05-04T20:29Z,MEDIUM
CVE-2017-12598,github,2.0,2017-08-07T01:29Z,HIGH
CVE-2020-15191,github,6.0,2020-09-25T19:15Z,MEDIUM
CVE-2016-3924,twitter,6.0,2016-10-10T10:59Z,MEDIUM
CVE-2021-3981,redhat,113.0,2022-03-10T17:43Z,LOW
CVE-2018-14922,twitter,8.0,2018-08-14T18:29Z,MEDIUM
CVE-2016-8468,twitter,7.0,2017-01-12T20:59Z,HIGH
CVE-2019-5783,twitter,18.0,2019-02-19T17:29Z,HIGH
CVE-2017-0189,twitter,1.0,2017-04-12T14:59Z,HIGH
CVE-2017-9683,twitter,8.0,2017-10-10T20:29Z,HIGH
CVE-2016-10398,twitter,3.0,2017-07-17T13:18Z,MEDIUM
CVE-2021-21285,github,0.0,2021-02-02T18:15Z,MEDIUM
CVE-2021-32626,github,0.0,2021-10-04T18:15Z,HIGH
CVE-2020-20189,github,473.0,2020-12-14T21:15Z,CRITICAL
CVE-2020-35503,redhat,160.0,2021-06-02T14:15Z,MEDIUM
CVE-2016-7568,github,12.0,2016-09-28T20:59Z,CRITICAL
CVE-2020-6699,twitter,305.0,2021-01-12T20:15Z,
CVE-2018-11375,github,33.0,2018-05-22T19:29Z,MEDIUM
CVE-2020-15794,twitter,174.0,2020-10-15T19:15Z,MEDIUM
CVE-2017-14261,github,2.0,2017-09-11T09:29Z,HIGH
CVE-2016-7422,twitter,71.0,2016-12-10T00:59Z,MEDIUM
CVE-2020-19001,github,865.0,2021-08-27T19:15Z,CRITICAL
CVE-2017-12138,github,14.0,2017-08-02T05:29Z,MEDIUM
CVE-2018-13879,github,54.0,2018-07-11T01:29Z,MEDIUM
CVE-2020-7042,github,44.0,2020-02-27T18:15Z,MEDIUM
CVE-2016-6354,github,206.0,2016-09-21T14:25Z,CRITICAL
CVE-2019-10135,redhat,58.0,2019-07-11T19:15Z,HIGH
CVE-2021-21149,twitter,6.0,2021-02-22T22:15Z,HIGH
CVE-2021-27950,twitter,113.0,2021-07-02T15:15Z,HIGH
CVE-2020-12003,twitter,14.0,2020-06-15T20:15Z,HIGH
CVE-2021-41746,github,33.0,2021-10-29T18:15Z,HIGH
CVE-2018-7719,twitter,14.0,2018-03-25T16:29Z,HIGH
CVE-2021-40049,twitter,3.0,2022-03-10T17:43Z,HIGH
CVE-2021-21936,twitter,2.0,2021-12-22T19:15Z,HIGH
CVE-2017-12195,redhat,286.0,2018-07-27T15:29Z,MEDIUM
CVE-2017-6393,github,2.0,2017-03-02T06:59Z,MEDIUM
CVE-2018-17965,github,193.0,2018-10-03T18:29Z,MEDIUM
CVE-2019-13142,twitter,4.0,2019-07-09T18:15Z,MEDIUM
CVE-2017-7478,twitter,4.0,2017-05-15T18:29Z,HIGH
CVE-2020-1873,twitter,9.0,2020-02-28T19:15Z,HIGH
CVE-2018-10923,redhat,34.0,2018-09-04T14:29Z,HIGH
CVE-2021-39623,twitter,8.0,2022-01-14T20:15Z,CRITICAL
CVE-2018-18665,github,63.0,2018-12-28T17:29Z,HIGH
CVE-2017-14169,github,6.0,2017-09-07T06:29Z,HIGH
CVE-2016-2392,redhat,141.0,2016-06-16T18:59Z,MEDIUM
CVE-2020-25192,twitter,60.0,2020-12-23T15:15Z,MEDIUM
CVE-2021-31363,twitter,5.0,2021-10-19T19:15Z,MEDIUM
CVE-2016-3306,twitter,1.0,2016-09-14T10:59Z,HIGH
CVE-2017-15136,redhat,28.0,2018-02-27T21:29Z,LOW
CVE-2019-11841,twitter,9.0,2019-05-22T17:29Z,MEDIUM
CVE-2016-5185,twitter,52.0,2016-12-18T03:59Z,HIGH
CVE-2020-7157,twitter,63.0,2020-10-19T18:15Z,CRITICAL
CVE-2020-0725,twitter,12.0,2020-02-11T22:15Z,HIGH
CVE-2019-16448,twitter,8.0,2019-12-19T15:15Z,CRITICAL
CVE-2021-31407,github,46.0,2021-04-23T16:15Z,HIGH
CVE-2017-3263,twitter,8.0,2017-01-27T22:59Z,HIGH
CVE-2016-7239,twitter,2.0,2016-11-10T06:59Z,LOW
CVE-2020-3990,twitter,1.0,2020-09-16T17:15Z,MEDIUM
CVE-2019-0048,twitter,1.0,2019-07-11T20:15Z,MEDIUM
CVE-2017-18008,github,5.0,2018-01-01T08:29Z,MEDIUM
CVE-2016-3191,redhat,22.0,2016-03-17T23:59Z,CRITICAL
CVE-2016-9298,github,88.0,2017-01-27T22:59Z,MEDIUM
CVE-2020-20626,twitter,161.0,2020-08-31T16:15Z,MEDIUM
CVE-2017-7448,github,5.0,2017-04-05T23:59Z,MEDIUM
CVE-2019-6217,twitter,23.0,2019-03-05T16:29Z,HIGH
CVE-2020-7333,twitter,230.0,2020-11-12T10:15Z,MEDIUM
CVE-2017-8080,twitter,2.0,2017-05-05T14:29Z,HIGH
CVE-2018-12389,twitter,122.0,2019-02-28T18:29Z,HIGH
CVE-2020-6816,twitter,1.0,2020-03-24T22:15Z,MEDIUM
CVE-2018-1104,redhat,21.0,2018-05-02T19:29Z,HIGH
CVE-2021-39921,twitter,2.0,2021-11-19T17:15Z,HIGH
CVE-2016-7594,twitter,68.0,2017-02-20T08:59Z,HIGH
CVE-2021-28094,twitter,207.0,2021-07-30T14:15Z,MEDIUM
CVE-2021-39520,github,412.0,2021-09-20T16:15Z,MEDIUM
CVE-2021-26987,twitter,61.0,2021-03-15T22:15Z,CRITICAL
CVE-2016-6731,twitter,16.0,2016-11-25T16:59Z,HIGH
CVE-2021-29539,github,94.0,2021-05-14T20:15Z,MEDIUM
CVE-2020-35980,github,127.0,2021-04-21T16:15Z,HIGH
CVE-2019-12185,twitter,1.0,2019-05-20T00:29Z,HIGH
CVE-2017-10321,twitter,1.0,2017-10-19T17:29Z,HIGH
CVE-2020-8982,twitter,2.0,2020-05-07T14:15Z,HIGH
CVE-2016-3267,twitter,3.0,2016-10-14T02:59Z,MEDIUM
CVE-2017-6215,github,527.0,2018-08-02T21:29Z,MEDIUM
CVE-2019-2832,twitter,7.0,2019-07-23T23:15Z,HIGH
CVE-2021-3461,redhat,375.0,2022-04-01T23:15Z,HIGH
CVE-2019-3877,github,1411.0,2019-03-27T13:29Z,MEDIUM
CVE-2021-2381,twitter,1.0,2021-07-21T15:15Z,LOW
CVE-2019-8387,twitter,79.0,2019-05-08T14:29Z,CRITICAL
CVE-2018-1274,twitter,4.0,2018-04-18T16:29Z,HIGH
CVE-2016-3488,twitter,1.0,2016-07-21T10:12Z,MEDIUM
CVE-2016-3297,twitter,1.0,2016-09-14T10:59Z,HIGH
CVE-2021-27930,twitter,117.0,2021-07-06T12:15Z,MEDIUM
CVE-2021-40483,twitter,1.0,2021-10-13T01:15Z,LOW
CVE-2018-16841,redhat,34.0,2018-11-28T14:29Z,MEDIUM
CVE-2021-21278,github,1.0,2021-01-26T21:15Z,CRITICAL
CVE-2016-8619,redhat,644.0,2018-08-01T06:29Z,CRITICAL
CVE-2018-18762,twitter,3.0,2019-03-21T16:00Z,MEDIUM
CVE-2020-15222,github,179.0,2020-09-24T17:15Z,HIGH
CVE-2017-1483,twitter,1.0,2017-09-28T01:29Z,HIGH
CVE-2016-3857,twitter,4.0,2016-08-05T20:59Z,HIGH
CVE-2021-32587,twitter,2.0,2021-08-06T11:15Z,MEDIUM
CVE-2021-3924,github,2.0,2021-11-05T15:15Z,HIGH
CVE-2019-13454,github,2.0,2019-07-09T17:15Z,MEDIUM
CVE-2017-11244,twitter,2.0,2017-08-11T19:29Z,MEDIUM
CVE-2020-19215,github,1095.0,2022-05-06T14:15Z,HIGH
CVE-2020-20675,twitter,497.0,2021-08-26T22:15Z,CRITICAL
CVE-2016-0997,twitter,1.0,2016-03-12T15:59Z,CRITICAL
CVE-2019-3837,redhat,51.0,2019-04-11T15:29Z,MEDIUM
CVE-2020-0798,twitter,2.0,2020-03-12T16:15Z,HIGH
CVE-2017-9978,twitter,11.0,2017-08-28T19:29Z,MEDIUM
CVE-2021-22172,twitter,53.0,2021-03-26T20:15Z,MEDIUM
CVE-2018-16337,github,22.0,2018-09-02T18:29Z,MEDIUM
CVE-2016-8611,redhat,649.0,2018-07-31T20:29Z,MEDIUM
CVE-2018-10917,redhat,39.0,2018-08-15T17:29Z,MEDIUM
CVE-2021-41125,github,0.0,2021-10-06T18:15Z,MEDIUM
CVE-2019-10168,redhat,50.0,2019-08-02T13:15Z,HIGH
CVE-2021-22155,twitter,1.0,2021-05-13T00:15Z,HIGH
CVE-2021-31428,twitter,8.0,2021-04-29T17:15Z,HIGH
CVE-2018-1483,twitter,2.0,2018-04-11T16:29Z,MEDIUM
CVE-2019-5420,twitter,14.0,2019-03-27T14:29Z,CRITICAL
CVE-2016-9390,github,148.0,2017-03-23T18:59Z,MEDIUM
CVE-2018-14586,github,1.0,2018-07-24T16:29Z,HIGH
CVE-2017-11329,github,4.0,2017-07-17T13:18Z,CRITICAL
CVE-2020-12116,twitter,50.0,2020-05-07T20:15Z,HIGH
CVE-2021-26084,twitter,4.0,2021-08-30T07:15Z,CRITICAL
CVE-2019-18635,github,3.0,2019-10-30T22:15Z,HIGH
CVE-2020-3376,twitter,1.0,2020-07-31T00:15Z,CRITICAL
CVE-2021-45100,github,1.0,2021-12-16T05:15Z,HIGH
CVE-2021-43693,github,198.0,2021-11-29T15:15Z,CRITICAL
CVE-2017-15132,redhat,16.0,2018-01-25T20:29Z,HIGH
CVE-2019-0230,twitter,32.0,2020-09-14T17:15Z,CRITICAL
CVE-2019-19735,twitter,7.0,2019-12-30T17:15Z,CRITICAL
CVE-2021-30538,twitter,13.0,2021-06-07T20:15Z,MEDIUM
CVE-2021-41260,github,36.0,2021-12-16T18:15Z,HIGH
CVE-2018-15951,twitter,9.0,2018-10-12T18:29Z,HIGH
CVE-2021-21146,twitter,7.0,2021-02-09T15:15Z,CRITICAL
CVE-2021-26879,twitter,1.0,2021-03-11T16:15Z,HIGH
CVE-2018-20520,github,13.0,2018-12-27T15:29Z,MEDIUM
CVE-2021-32932,twitter,4.0,2021-06-11T17:15Z,HIGH
CVE-2021-42585,github,350.0,2022-05-23T11:16Z,HIGH
CVE-2018-19191,twitter,3.0,2019-03-21T16:00Z,MEDIUM
CVE-2021-27343,github,52.0,2021-04-06T13:15Z,HIGH
CVE-2016-8729,twitter,327.0,2018-04-24T19:29Z,HIGH
CVE-2021-22896,github,73.0,2021-06-11T16:15Z,MEDIUM
CVE-2020-14391,redhat,165.0,2021-02-08T23:15Z,MEDIUM
CVE-2018-4283,twitter,267.0,2019-04-03T18:29Z,MEDIUM
CVE-2017-15137,redhat,96.0,2018-07-16T20:29Z,MEDIUM
CVE-2020-0764,twitter,2.0,2020-10-16T23:15Z,HIGH
CVE-2017-0261,twitter,3.0,2017-05-12T14:29Z,HIGH
CVE-2021-29457,github,11.0,2021-04-19T19:15Z,HIGH
CVE-2018-1000519,github,57.0,2018-06-26T16:29Z,MEDIUM
CVE-2017-8571,twitter,4.0,2017-08-01T20:29Z,HIGH
CVE-2019-14692,github,0.0,2019-08-06T13:15Z,HIGH
CVE-2020-1946,twitter,1.0,2021-03-25T10:15Z,CRITICAL
CVE-2021-33185,github,36.0,2021-06-18T22:15Z,HIGH
CVE-2020-3698,twitter,153.0,2020-07-30T12:15Z,CRITICAL
CVE-2018-1126,redhat,15.0,2018-05-23T13:29Z,CRITICAL
CVE-2019-16458,twitter,9.0,2019-12-19T15:15Z,HIGH
CVE-2021-24001,twitter,66.0,2021-06-24T14:15Z,MEDIUM
CVE-2021-41332,twitter,1.0,2021-10-13T01:15Z,MEDIUM
CVE-2017-13742,redhat,5.0,2017-08-29T06:29Z,MEDIUM
CVE-2019-9335,twitter,36.0,2019-09-27T19:15Z,MEDIUM
CVE-2016-6887,twitter,90.0,2017-01-13T16:59Z,MEDIUM
CVE-2017-3123,twitter,3.0,2017-08-11T19:29Z,HIGH
CVE-2019-12453,twitter,4.0,2019-07-19T17:15Z,MEDIUM
CVE-2016-7185,twitter,3.0,2016-10-14T02:59Z,HIGH
CVE-2021-39514,github,412.0,2021-09-20T16:15Z,MEDIUM
CVE-2021-35567,twitter,1.0,2021-10-20T11:16Z,MEDIUM
CVE-2018-20676,twitter,152.0,2019-01-09T05:29Z,MEDIUM
CVE-2016-2786,twitter,87.0,2016-06-10T15:59Z,CRITICAL
CVE-2021-30046,github,6.0,2021-04-06T13:15Z,MEDIUM
CVE-2017-5959,github,11.0,2017-02-21T07:59Z,CRITICAL
CVE-2021-39946,twitter,4.0,2022-01-18T17:15Z,MEDIUM
CVE-2017-15222,twitter,1.0,2017-10-24T17:29Z,CRITICAL
CVE-2019-8535,twitter,267.0,2019-12-18T18:15Z,HIGH
CVE-2020-13677,twitter,148.0,2022-02-11T16:15Z,HIGH
CVE-2017-1341,twitter,2.0,2017-12-07T15:29Z,LOW
CVE-2019-7773,twitter,8.0,2019-05-22T14:29Z,HIGH
CVE-2016-7412,github,4.0,2016-09-17T21:59Z,HIGH
CVE-2020-25737,twitter,1.0,2021-01-26T18:15Z,HIGH
CVE-2016-0850,twitter,10.0,2016-04-18T00:59Z,HIGH
CVE-2017-0178,twitter,1.0,2017-04-12T14:59Z,MEDIUM
CVE-2016-6298,github,1.0,2016-09-01T23:59Z,MEDIUM
CVE-2020-26945,github,7.0,2020-10-10T20:15Z,HIGH
CVE-2017-0394,twitter,8.0,2017-01-12T20:59Z,HIGH
CVE-2020-8645,github,18.0,2020-02-07T00:15Z,CRITICAL
CVE-2021-43752,twitter,1.0,2022-01-14T20:15Z,MEDIUM
CVE-2020-28268,github,16.0,2020-11-15T23:15Z,HIGH
CVE-2021-40956,github,285.0,2022-06-23T17:15Z,HIGH
CVE-2017-0546,twitter,3.0,2017-04-07T22:59Z,HIGH
CVE-2020-2883,twitter,1.0,2020-04-15T14:15Z,CRITICAL
CVE-2016-2114,twitter,13.0,2016-04-25T00:59Z,MEDIUM
CVE-2021-27962,twitter,3.0,2021-03-22T14:15Z,HIGH
CVE-2019-10078,twitter,1.0,2019-05-20T21:29Z,MEDIUM
CVE-2018-14462,github,45.0,2019-10-03T16:15Z,HIGH
CVE-2016-3751,twitter,3.0,2016-07-11T01:59Z,HIGH
CVE-2020-1951,twitter,5.0,2020-03-23T14:15Z,MEDIUM
CVE-2020-3265,twitter,1.0,2020-03-19T16:15Z,HIGH
CVE-2021-23792,github,147.0,2022-05-06T20:15Z,CRITICAL
CVE-2020-5910,twitter,1.0,2020-07-02T13:15Z,HIGH
CVE-2019-4155,twitter,3.0,2019-04-08T15:29Z,CRITICAL
CVE-2020-1234,twitter,479.0,2020-06-09T20:15Z,HIGH
CVE-2020-11023,twitter,29.0,2020-04-29T21:15Z,MEDIUM
CVE-2020-12457,github,116.0,2020-08-21T14:15Z,HIGH
CVE-2021-39384,github,216.0,2022-03-20T22:15Z,CRITICAL
CVE-2017-11015,twitter,2.0,2017-11-16T22:29Z,HIGH
CVE-2016-7998,twitter,102.0,2017-01-18T17:59Z,HIGH
CVE-2016-2847,github,98.0,2016-04-27T17:59Z,MEDIUM
CVE-2021-23964,twitter,31.0,2021-02-26T16:15Z,HIGH
CVE-2020-4223,twitter,1.0,2020-06-26T14:15Z,MEDIUM
CVE-2017-6594,github,136.0,2017-08-28T19:29Z,HIGH
CVE-2021-27905,twitter,1.0,2021-04-13T07:15Z,CRITICAL
CVE-2021-37703,github,1.0,2021-08-13T16:15Z,MEDIUM
CVE-2017-1000005,twitter,3.0,2017-07-17T13:18Z,MEDIUM
CVE-2020-9805,twitter,13.0,2020-06-09T17:15Z,HIGH
CVE-2019-6035,github,203.0,2019-12-26T16:15Z,MEDIUM
CVE-2018-11170,twitter,1.0,2018-06-02T01:29Z,HIGH
CVE-2021-46625,twitter,18.0,2022-02-18T20:15Z,HIGH
CVE-2021-34556,twitter,1.0,2021-08-02T05:15Z,MEDIUM
CVE-2019-8598,twitter,130.0,2019-12-18T18:15Z,MEDIUM
CVE-2019-2844,twitter,6.0,2019-07-23T23:15Z,HIGH
CVE-2017-8699,twitter,1.0,2017-09-13T01:29Z,HIGH
CVE-2016-9439,github,114.0,2016-12-12T02:59Z,MEDIUM
CVE-2020-27153,github,90.0,2020-10-15T03:15Z,HIGH
CVE-2017-12850,github,2.0,2017-08-14T20:29Z,HIGH
CVE-2020-10531,github,41.0,2020-03-12T19:15Z,HIGH
CVE-2016-6816,twitter,118.0,2017-03-20T18:59Z,HIGH
CVE-2017-7830,twitter,207.0,2018-06-11T21:29Z,MEDIUM
CVE-2021-28563,twitter,44.0,2021-06-28T14:15Z,MEDIUM
CVE-2020-10719,redhat,28.0,2020-05-26T16:15Z,MEDIUM
CVE-2020-14388,redhat,271.0,2021-06-02T13:15Z,MEDIUM
CVE-2021-3428,twitter,353.0,2022-03-04T18:15Z,MEDIUM
CVE-2019-10761,github,1193.0,2022-07-13T09:15Z,HIGH
CVE-2017-10366,twitter,1.0,2017-10-19T17:29Z,CRITICAL
CVE-2019-1072,twitter,5.0,2019-07-15T19:15Z,CRITICAL
CVE-2020-18065,github,962.0,2021-08-25T20:15Z,MEDIUM
CVE-2019-13473,twitter,2.0,2019-09-11T19:15Z,CRITICAL
CVE-2021-20710,twitter,14.0,2021-04-26T01:15Z,MEDIUM
CVE-2016-4570,redhat,269.0,2017-02-03T15:59Z,MEDIUM
CVE-2021-22960,twitter,22.0,2021-11-03T20:15Z,MEDIUM
CVE-2019-5909,twitter,15.0,2019-02-13T18:29Z,CRITICAL
CVE-2020-15969,twitter,27.0,2020-11-03T03:15Z,HIGH
CVE-2018-11735,github,0.0,2018-06-05T06:29Z,MEDIUM
CVE-2021-37391,github,21.0,2021-08-10T20:15Z,MEDIUM
CVE-2019-5972,twitter,25.0,2019-07-05T14:15Z,MEDIUM
CVE-2021-32696,github,0.0,2021-06-18T20:15Z,MEDIUM
CVE-2017-3562,twitter,21.0,2017-08-08T15:29Z,MEDIUM
CVE-2021-3376,github,317.0,2021-12-14T14:15Z,HIGH
CVE-2020-11881,twitter,2.0,2020-09-14T21:15Z,HIGH
CVE-2020-18753,twitter,466.0,2021-08-13T17:15Z,CRITICAL
CVE-2018-4986,twitter,38.0,2018-07-09T19:29Z,HIGH
CVE-2019-16461,twitter,7.0,2019-12-19T15:15Z,HIGH
CVE-2021-0002,twitter,166.0,2021-08-11T13:15Z,HIGH
CVE-2020-20662,github,721.0,2021-09-30T17:15Z,MEDIUM
CVE-2017-7131,twitter,27.0,2017-10-23T01:29Z,MEDIUM
CVE-2018-5772,github,0.0,2018-01-18T07:29Z,MEDIUM
CVE-2019-0600,twitter,21.0,2019-03-05T23:29Z,MEDIUM
CVE-2019-9342,twitter,31.0,2019-09-27T19:15Z,HIGH
CVE-2018-16785,github,8.0,2018-09-19T15:29Z,HIGH
CVE-2019-10129,redhat,84.0,2019-07-30T17:15Z,MEDIUM
CVE-2020-9854,twitter,82.0,2020-10-22T18:15Z,HIGH
CVE-2021-22992,twitter,21.0,2021-03-31T17:15Z,CRITICAL
CVE-2016-9394,github,146.0,2017-03-23T18:59Z,MEDIUM
CVE-2020-12387,twitter,21.0,2020-05-26T18:15Z,HIGH
CVE-2021-25940,github,138.0,2021-11-16T10:15Z,HIGH
CVE-2019-1894,twitter,2.0,2019-07-06T02:15Z,HIGH
CVE-2018-14051,github,1.0,2018-07-13T16:29Z,HIGH
CVE-2020-10603,twitter,35.0,2020-04-09T14:15Z,HIGH
CVE-2019-8757,twitter,71.0,2019-12-18T18:15Z,LOW
CVE-2017-8683,twitter,1.0,2017-09-13T01:29Z,MEDIUM
CVE-2021-21372,github,46.0,2021-03-26T22:15Z,HIGH
CVE-2017-3619,twitter,5.0,2017-04-24T19:59Z,MEDIUM
CVE-2020-5981,twitter,1.0,2020-10-02T19:15Z,HIGH
CVE-2020-9359,twitter,12.0,2020-03-24T14:15Z,MEDIUM
CVE-2021-3377,github,35.0,2021-03-05T21:15Z,MEDIUM
CVE-2017-5494,github,1.0,2017-01-15T22:59Z,MEDIUM
CVE-2021-25954,github,92.0,2021-08-09T17:15Z,MEDIUM
CVE-2018-20451,github,0.0,2018-12-25T17:29Z,MEDIUM
CVE-2019-12098,github,1.0,2019-05-15T23:29Z,HIGH
CVE-2017-13216,twitter,5.0,2018-01-12T23:29Z,HIGH
CVE-2017-7390,github,8.0,2017-04-01T02:59Z,MEDIUM
CVE-2016-3356,twitter,1.0,2016-09-14T10:59Z,HIGH
CVE-2018-11165,twitter,1.0,2018-06-02T01:29Z,HIGH
CVE-2019-11604,twitter,1.0,2019-05-24T17:29Z,MEDIUM
CVE-2016-1000003,github,112.0,2016-10-07T18:59Z,CRITICAL
CVE-2019-13309,twitter,756.0,2019-07-05T01:15Z,MEDIUM
CVE-2020-15330,twitter,825.0,2022-09-29T03:15Z,MEDIUM
CVE-2021-36703,github,23.0,2021-08-03T19:15Z,MEDIUM
CVE-2020-15304,github,41.0,2020-06-26T01:15Z,MEDIUM
CVE-2020-4925,twitter,392.0,2022-03-01T17:15Z,MEDIUM
CVE-2020-24717,github,9.0,2020-08-27T19:15Z,HIGH
CVE-2021-25314,twitter,20.0,2021-04-14T15:15Z,HIGH
CVE-2017-15202,github,16.0,2017-10-11T01:32Z,MEDIUM
CVE-2018-11117,github,6.0,2018-05-17T13:29Z,MEDIUM
CVE-2021-43982,twitter,7.0,2021-12-09T22:15Z,HIGH
CVE-2016-7519,github,462.0,2017-04-19T14:59Z,MEDIUM
CVE-2021-33938,github,263.0,2021-09-02T15:15Z,HIGH
CVE-2021-22936,twitter,10.0,2021-08-16T19:15Z,MEDIUM
CVE-2017-14239,github,4.0,2017-09-11T09:29Z,MEDIUM
CVE-2020-4476,twitter,2.0,2020-11-16T17:15Z,HIGH
CVE-2021-44109,github,139.0,2022-04-05T02:15Z,HIGH
CVE-2017-15953,github,58.0,2017-10-28T21:29Z,MEDIUM
CVE-2017-17665,github,0.0,2017-12-13T20:29Z,HIGH
CVE-2019-1968,twitter,1.0,2019-08-30T09:15Z,HIGH
CVE-2019-6206,twitter,39.0,2019-03-04T20:29Z,CRITICAL
CVE-2020-27782,redhat,90.0,2021-02-23T19:15Z,HIGH
CVE-2018-15864,github,22.0,2018-08-25T21:29Z,MEDIUM
CVE-2020-15216,github,7.0,2020-09-29T16:15Z,MEDIUM
CVE-2021-30042,github,12.0,2021-04-13T00:15Z,MEDIUM
CVE-2021-25253,twitter,12.0,2021-04-13T13:15Z,HIGH
CVE-2017-5934,github,36.0,2018-10-15T19:29Z,MEDIUM
CVE-2017-15104,redhat,42.0,2017-12-18T19:29Z,HIGH
CVE-2016-7423,redhat,24.0,2016-10-10T16:59Z,MEDIUM
CVE-2021-29538,github,22.0,2021-05-14T20:15Z,MEDIUM
CVE-2016-4901,twitter,215.0,2017-05-22T16:29Z,HIGH
CVE-2018-8798,github,20.0,2019-02-05T20:29Z,HIGH
CVE-2019-17658,twitter,1.0,2020-03-12T22:15Z,CRITICAL
CVE-2020-16152,twitter,647.0,2021-11-14T21:15Z,CRITICAL
CVE-2020-12687,github,14.0,2020-05-07T16:15Z,MEDIUM
CVE-2016-1001,twitter,1.0,2016-03-12T15:59Z,CRITICAL
CVE-2021-42704,twitter,6.0,2022-05-18T17:15Z,HIGH
CVE-2021-42951,twitter,12.0,2022-03-01T02:15Z,HIGH
CVE-2017-6952,github,3.0,2017-03-16T21:59Z,HIGH
CVE-2019-13179,github,0.0,2019-07-02T23:15Z,HIGH
CVE-2019-4222,twitter,2.0,2019-04-25T15:29Z,MEDIUM
CVE-2017-8464,twitter,2.0,2017-06-15T01:29Z,HIGH
CVE-2017-15571,github,5.0,2017-10-18T02:29Z,MEDIUM
CVE-2021-38593,github,15.0,2021-08-12T02:15Z,HIGH
CVE-2019-19341,redhat,7.0,2019-12-19T21:15Z,MEDIUM
CVE-2017-2298,github,0.0,2017-06-30T20:29Z,MEDIUM
CVE-2021-21368,github,7.0,2021-03-12T17:15Z,HIGH
CVE-2020-36189,github,14.0,2021-01-06T23:15Z,HIGH
CVE-2021-39945,twitter,6.0,2021-12-13T16:15Z,LOW
CVE-2021-28148,twitter,3.0,2021-03-22T15:15Z,HIGH
CVE-2017-11367,github,145.0,2017-07-17T16:29Z,HIGH
CVE-2016-6328,redhat,811.0,2018-10-31T22:29Z,HIGH
CVE-2016-4551,twitter,2.0,2016-10-05T16:59Z,HIGH
CVE-2021-23419,github,4.0,2021-08-08T08:15Z,MEDIUM
CVE-2021-39843,twitter,30.0,2021-09-29T16:15Z,HIGH
CVE-2021-44044,twitter,6.0,2021-12-05T21:15Z,HIGH
CVE-2018-10423,github,2.0,2018-04-26T05:29Z,LOW
CVE-2016-0298,twitter,20.0,2016-06-29T01:59Z,MEDIUM
CVE-2019-0329,twitter,1.0,2019-07-10T20:15Z,MEDIUM
CVE-2017-8628,twitter,1.0,2017-09-13T01:29Z,MEDIUM
CVE-2021-36855,twitter,564.0,2022-09-30T17:15Z,MEDIUM
CVE-2016-3159,twitter,14.0,2016-04-13T16:59Z,LOW
CVE-2018-1048,redhat,9.0,2018-01-24T23:29Z,HIGH
CVE-2016-6914,twitter,3.0,2017-12-27T17:29Z,HIGH
CVE-2019-17128,twitter,1.0,2019-10-09T16:15Z,HIGH
CVE-2021-41750,github,261.0,2022-06-12T12:15Z,MEDIUM
CVE-2021-36776,twitter,3.0,2022-04-04T13:15Z,HIGH
CVE-2016-10118,twitter,97.0,2017-04-13T14:59Z,LOW
CVE-2018-0691,twitter,48.0,2018-11-15T15:29Z,MEDIUM
CVE-2021-40470,twitter,1.0,2021-10-13T01:15Z,HIGH
CVE-2018-19913,github,0.0,2018-12-06T19:29Z,MEDIUM
CVE-2021-45809,github,90.0,2022-03-22T11:15Z,CRITICAL
CVE-2021-28418,github,6.0,2021-03-18T12:15Z,MEDIUM
CVE-2020-23449,github,244.0,2021-01-26T18:15Z,HIGH
CVE-2021-30615,twitter,3.0,2021-09-03T20:15Z,MEDIUM
CVE-2020-14489,twitter,26.0,2020-07-29T13:15Z,HIGH
CVE-2019-19952,github,26.0,2019-12-24T01:15Z,CRITICAL
CVE-2019-15031,twitter,3.0,2019-09-13T13:15Z,MEDIUM
CVE-2020-23826,twitter,4.0,2021-01-26T18:15Z,HIGH
CVE-2018-14338,github,2.0,2018-07-17T12:29Z,HIGH
CVE-2019-8580,twitter,515.0,2020-10-27T20:15Z,HIGH
CVE-2020-4520,twitter,1.0,2021-06-01T14:15Z,HIGH
CVE-2018-25017,github,1266.0,2021-07-01T03:15Z,CRITICAL
CVE-2017-12153,twitter,8.0,2017-09-21T15:29Z,MEDIUM
CVE-2020-15596,twitter,22.0,2020-08-12T22:15Z,MEDIUM
CVE-2021-32025,twitter,1.0,2022-03-10T17:42Z,HIGH
CVE-2020-14514,twitter,203.0,2020-09-01T14:15Z,MEDIUM
CVE-2020-5106,twitter,328.0,2021-01-06T18:15Z,
CVE-2017-5611,github,3.0,2017-01-30T04:59Z,CRITICAL
CVE-2018-6221,twitter,20.0,2018-03-15T19:29Z,HIGH
CVE-2017-8015,twitter,1.0,2017-09-12T20:29Z,CRITICAL
CVE-2017-7556,redhat,7.0,2017-08-17T19:29Z,HIGH
CVE-2021-42060,twitter,1.0,2022-02-03T02:15Z,HIGH
CVE-2017-5127,twitter,112.0,2018-02-07T23:29Z,HIGH
CVE-2019-10590,twitter,3.0,2020-02-07T05:15Z,CRITICAL
CVE-2019-1961,twitter,1.0,2019-08-08T08:15Z,MEDIUM
CVE-2021-31372,twitter,4.0,2021-10-19T19:15Z,HIGH
CVE-2020-12251,twitter,1.0,2020-04-29T14:15Z,LOW
CVE-2020-8271,twitter,284.0,2020-11-16T01:15Z,CRITICAL
CVE-2017-11591,redhat,1.0,2017-07-24T01:29Z,HIGH
CVE-2020-0227,twitter,2.0,2020-07-17T21:15Z,HIGH
CVE-2021-37778,github,342.0,2022-06-30T15:15Z,CRITICAL
CVE-2017-12187,twitter,103.0,2018-01-24T15:29Z,CRITICAL
CVE-2016-3137,redhat,51.0,2016-05-02T10:59Z,MEDIUM
CVE-2021-2456,twitter,1.0,2021-07-21T00:15Z,CRITICAL
CVE-2017-3736,github,0.0,2017-11-02T17:29Z,MEDIUM
CVE-2020-15959,twitter,11.0,2020-09-21T20:15Z,MEDIUM
CVE-2021-46041,github,15.0,2022-01-06T20:15Z,MEDIUM
CVE-2019-10306,twitter,1.0,2019-04-18T17:29Z,CRITICAL
CVE-2017-7962,github,7.0,2017-04-19T15:59Z,MEDIUM
CVE-2020-28332,twitter,3.0,2020-11-24T19:15Z,CRITICAL
CVE-2020-12127,twitter,197.0,2020-10-02T09:15Z,HIGH
CVE-2021-30499,github,49.0,2021-05-27T00:15Z,HIGH
CVE-2021-23446,github,6.0,2021-09-29T17:15Z,HIGH
CVE-2016-2625,twitter,71.0,2017-05-11T14:29Z,
CVE-2020-20344,github,728.0,2021-09-01T22:15Z,MEDIUM
CVE-2020-20586,twitter,482.0,2021-07-08T16:15Z,MEDIUM
CVE-2017-11421,github,0.0,2017-07-18T19:29Z,HIGH
CVE-2021-25992,github,6.0,2022-02-10T10:15Z,CRITICAL
CVE-2016-4965,twitter,13.0,2016-09-21T14:25Z,HIGH
CVE-2020-10688,github,464.0,2021-05-27T19:15Z,MEDIUM
CVE-2021-3917,github,413.0,2022-08-23T20:15Z,MEDIUM
CVE-2021-46165,twitter,1.0,2022-01-10T14:11Z,HIGH
CVE-2020-19719,github,704.0,2021-07-13T22:15Z,MEDIUM
CVE-2016-4433,redhat,14.0,2016-07-04T22:59Z,HIGH
CVE-2020-14054,twitter,13.0,2020-06-15T16:15Z,CRITICAL
CVE-2020-1647,twitter,9.0,2020-07-17T19:15Z,CRITICAL
CVE-2016-1683,redhat,10.0,2016-06-05T23:59Z,HIGH
CVE-2020-26134,github,4.0,2020-10-02T09:15Z,MEDIUM
CVE-2020-28627,twitter,409.0,2022-04-18T17:15Z,HIGH